年度,公司代號,公司名稱,員工人數,薪資中位數_仟元,平均薪資_仟元
107,1336,台翰,11.0,,1071.0
108,1336,台翰,12.0,1045.0,1318.0
109,1336,台翰,11.0,778.0,814.0
110,1336,台翰,12.0,828.0,1306.0
111,1336,台翰,12.0,591.0,760.0
112,1336,台翰,16.0,708.0,934.0
113,1336,台翰,19.0,782.0,1027.0
114,1336,台翰,21.0,907.0,1101.0
107,1471,首利,43.0,,723.0
108,1471,首利,39.0,666.0,728.0
109,1471,首利,29.0,756.0,758.0
110,1471,首利,30.0,762.0,760.0
111,1471,首利,28.0,756.0,764.0
112,1471,首利,26.0,768.0,740.0
113,1471,首利,24.0,818.0,769.0
114,1471,首利,23.0,818.0,771.0
107,1569,濱川,29.0,,590.0
108,1569,濱川,30.0,530.0,639.0
109,1569,濱川,30.0,605.0,653.0
110,1569,濱川,32.0,612.0,656.0
111,1569,濱川,32.0,638.0,692.0
112,1569,濱川,36.0,621.0,658.0
113,1569,濱川,37.0,647.0,700.0
114,1569,濱川,46.0,600.0,669.0
107,1582,信錦,165.0,,1055.0
108,1582,信錦,176.0,852.0,984.0
109,1582,信錦,213.0,797.0,955.0
110,1582,信錦,241.0,803.0,940.0
111,1582,信錦,212.0,869.0,1009.0
112,1582,信錦,203.0,984.0,1091.0
113,1582,信錦,195.0,1107.0,1225.0
114,1582,信錦,172.0,1019.0,1084.0
107,1595,川寶,77.0,,797.0
108,1595,川寶,83.0,603.0,690.0
109,1595,川寶,81.0,548.0,647.0
110,1595,川寶,72.0,759.0,909.0
111,1595,川寶,72.0,597.0,696.0
112,1595,川寶,60.0,599.0,700.0
113,1595,川寶,65.0,644.0,762.0
114,1595,川寶,72.0,671.0,822.0
107,1815,富喬,1014.0,,621.0
108,1815,富喬,1039.0,553.0,623.0
109,1815,富喬,972.0,485.0,553.0
110,1815,富喬,906.0,602.0,692.0
111,1815,富喬,925.0,604.0,658.0
112,1815,富喬,910.0,522.0,596.0
113,1815,富喬,924.0,699.0,727.0
114,1815,富喬,1030.0,710.0,798.0
107,2059,川湖,508.0,,627.0
108,2059,川湖,503.0,500.0,624.0
109,2059,川湖,483.0,509.0,606.0
110,2059,川湖,525.0,678.0,766.0
111,2059,川湖,521.0,703.0,869.0
112,2059,川湖,504.0,498.0,669.0
113,2059,川湖,502.0,729.0,1014.0
114,2059,川湖,507.0,877.0,1241.0
107,2301,光寶科,4315.0,,1290.0
108,2301,光寶科,4252.0,1067.0,1305.0
109,2301,光寶科,3373.0,1169.0,1376.0
110,2301,光寶科,3678.0,1154.0,1434.0
111,2301,光寶科,4395.0,1129.0,1472.0
112,2301,光寶科,4829.0,1130.0,1414.0
113,2301,光寶科,4322.0,1246.0,1489.0
114,2301,光寶科,4726.0,1231.0,1558.0
107,2302,麗正,63.0,,537.0
108,2302,麗正,64.0,382.0,519.0
109,2302,麗正,65.0,523.0,602.0
110,2302,麗正,55.0,464.0,616.0
111,2302,麗正,49.0,497.0,613.0
112,2302,麗正,43.0,557.0,733.0
113,2302,麗正,42.0,534.0,663.0
114,2302,麗正,42.0,544.0,673.0
107,2303,聯電,13829.0,,1208.0
108,2303,聯電,13580.0,971.0,1099.0
109,2303,聯電,12926.0,1071.0,1369.0
110,2303,聯電,12987.0,1150.0,1447.0
111,2303,聯電,12238.0,1656.0,2080.0
112,2303,聯電,12508.0,1577.0,1851.0
113,2303,聯電,12122.0,1611.0,1800.0
114,2303,聯電,11973.0,1590.0,1739.0
107,2305,全友,92.0,,715.0
108,2305,全友,105.0,620.0,662.0
109,2305,全友,89.0,676.0,717.0
110,2305,全友,93.0,663.0,706.0
111,2305,全友,84.0,710.0,717.0
112,2305,全友,71.0,790.0,807.0
113,2305,全友,71.0,802.0,840.0
114,2305,全友,72.0,816.0,857.0
107,2308,台達電,6662.0,,1485.0
108,2308,台達電,8768.0,1153.0,1397.0
109,2308,台達電,9749.0,1215.0,1433.0
110,2308,台達電,9758.0,1293.0,1525.0
111,2308,台達電,10364.0,1422.0,1701.0
112,2308,台達電,11651.0,1466.0,1734.0
113,2308,台達電,12290.0,1543.0,1827.0
114,2308,台達電,13046.0,1665.0,1980.0
107,2313,華通,4418.0,,635.0
108,2313,華通,4172.0,608.0,683.0
109,2313,華通,4130.0,702.0,806.0
110,2313,華通,4270.0,793.0,889.0
111,2313,華通,4379.0,894.0,1004.0
112,2313,華通,4423.0,814.0,912.0
113,2313,華通,4468.0,883.0,979.0
114,2313,華通,4690.0,824.0,933.0
107,2316,楠梓電,1656.0,,507.0
108,2316,楠梓電,1563.0,471.0,507.0
109,2316,楠梓電,1411.0,475.0,509.0
110,2316,楠梓電,1290.0,527.0,552.0
111,2316,楠梓電,1264.0,491.0,534.0
112,2316,楠梓電,1094.0,450.0,495.0
113,2316,楠梓電,1074.0,508.0,551.0
114,2316,楠梓電,1102.0,518.0,579.0
107,2323,中環,1368.0,,558.0
108,2323,中環,1278.0,485.0,528.0
109,2323,中環,974.0,550.0,641.0
110,2323,中環,691.0,562.0,600.0
111,2323,中環,669.0,576.0,597.0
112,2323,中環,597.0,544.0,623.0
113,2323,中環,529.0,581.0,628.0
114,2323,中環,468.0,612.0,687.0
107,2324,仁寶,6210.0,,1265.0
108,2324,仁寶,6915.0,1079.0,1245.0
109,2324,仁寶,7991.0,1026.0,1204.0
110,2324,仁寶,8214.0,1059.0,1250.0
111,2324,仁寶,8145.0,1180.0,1352.0
112,2324,仁寶,8231.0,1255.0,1402.0
113,2324,仁寶,8131.0,1348.0,1467.0
114,2324,仁寶,7526.0,1418.0,1592.0
107,2327,國巨*,3345.0,,860.0
108,2327,國巨*,3122.0,502.0,618.0
109,2327,國巨*,3305.0,554.0,712.0
110,2327,國巨,3879.0,637.0,747.0
111,2327,國巨,3937.0,642.0,740.0
112,2327,國巨,3815.0,629.0,745.0
113,2327,國巨,3571.0,672.0,773.0
114,2327,國巨*,3652.0,754.0,877.0
107,2328,廣宇,52.0,,1494.0
108,2328,廣宇,36.0,1420.0,1388.0
109,2328,廣宇,32.0,1229.0,1333.0
110,2328,廣宇,36.0,1185.0,1244.0
111,2328,廣宇,40.0,1264.0,1370.0
112,2328,廣宇,38.0,1353.0,1569.0
113,2328,廣宇,41.0,1244.0,1422.0
114,2328,廣宇,46.0,1255.0,1318.0
107,2329,華泰,5265.0,,467.0
108,2329,華泰,5442.0,457.0,522.0
109,2329,華泰,5044.0,424.0,488.0
110,2329,華泰,4591.0,573.0,666.0
111,2329,華泰,4680.0,620.0,702.0
112,2329,華泰,4548.0,642.0,731.0
113,2329,華泰,4415.0,624.0,705.0
114,2329,華泰,4483.0,709.0,811.0
107,2330,台積電,42605.0,,2009.0
108,2330,台積電,43430.0,1596.0,1981.0
109,2330,台積電,47314.0,1819.0,2377.0
110,2330,台積電,53212.0,1851.0,2425.0
111,2330,台積電,60049.0,2435.0,3167.0
112,2330,台積電,64614.0,2248.0,2842.0
113,2330,台積電,68647.0,2645.0,3391.0
114,2330,台積電,74988.0,3162.0,4072.0
107,2331,精英,800.0,,917.0
108,2331,精英,742.0,763.0,953.0
109,2331,精英,793.0,755.0,964.0
110,2331,精英,793.0,788.0,967.0
111,2331,精英,683.0,1044.0,1271.0
112,2331,精英,625.0,1120.0,1307.0
113,2331,精英,557.0,981.0,1114.0
114,2331,精英,433.0,1248.0,1407.0
107,2337,旺宏,3802.0,,1448.0
108,2337,旺宏,3783.0,985.0,1264.0
109,2337,旺宏,3666.0,1093.0,1424.0
110,2337,旺宏,3590.0,1388.0,1834.0
111,2337,旺宏,3608.0,1281.0,1729.0
112,2337,旺宏,3579.0,1173.0,1382.0
113,2337,旺宏,3482.0,1199.0,1420.0
114,2337,旺宏,3385.0,1152.0,1382.0
107,2338,光罩,187.0,,772.0
108,2338,光罩,203.0,796.0,922.0
109,2338,光罩,216.0,853.0,980.0
110,2338,光罩,268.0,1076.0,1282.0
111,2338,光罩,305.0,936.0,1111.0
112,2338,光罩,377.0,849.0,995.0
113,2338,光罩,436.0,710.0,830.0
114,2338,光罩,423.0,721.0,836.0
107,2340,台亞,1294.0,,696.0
108,2340,台亞,1265.0,592.0,699.0
109,2340,台亞,1195.0,648.0,756.0
110,2340,台亞,916.0,839.0,1014.0
111,2340,台亞,740.0,693.0,806.0
112,2340,台亞,773.0,711.0,820.0
113,2340,台亞,755.0,700.0,790.0
114,2340,台亞,729.0,720.0,809.0
107,2342,茂矽,564.0,,797.0
108,2342,茂矽,591.0,617.0,702.0
109,2342,茂矽,571.0,671.0,758.0
110,2342,茂矽,568.0,707.0,823.0
111,2342,茂矽,554.0,858.0,963.0
112,2342,茂矽,578.0,715.0,808.0
113,2342,茂矽,569.0,760.0,860.0
114,2342,茂矽,594.0,781.0,890.0
107,2344,華邦電,2631.0,,1754.0
108,2344,華邦電,2808.0,1193.0,1351.0
109,2344,華邦電,2826.0,1225.0,1423.0
110,2344,華邦電,2831.0,1858.0,2332.0
111,2344,華邦電,3312.0,1580.0,1926.0
112,2344,華邦電,3488.0,1382.0,1589.0
113,2344,華邦電,3422.0,1513.0,1726.0
114,2344,華邦電,3414.0,1617.0,1914.0
107,2349,錸德,1013.0,,577.0
108,2349,錸德,867.0,500.0,593.0
109,2349,錸德,729.0,499.0,611.0
110,2349,錸德,615.0,566.0,651.0
111,2349,錸德,534.0,578.0,670.0
112,2349,錸德,546.0,541.0,665.0
113,2349,錸德,565.0,549.0,697.0
114,2349,錸德,577.0,562.0,705.0
107,2351,順德,1320.0,,677.0
108,2351,順德,1371.0,517.0,597.0
109,2351,順德,1340.0,549.0,600.0
110,2351,順德,1391.0,608.0,717.0
111,2351,順德,1452.0,601.0,726.0
112,2351,順德,1435.0,593.0,692.0
113,2351,順德,1348.0,608.0,706.0
114,2351,順德,1327.0,614.0,690.0
107,2352,佳世達,1568.0,,1380.0
108,2352,佳世達,1558.0,1210.0,1442.0
109,2352,佳世達,1646.0,1238.0,1509.0
110,2352,佳世達,1676.0,1258.0,1592.0
111,2352,佳世達,1654.0,1290.0,1696.0
112,2352,佳世達,1582.0,1320.0,1592.0
113,2352,佳世達,1536.0,1192.0,1385.0
114,2352,佳世達,1543.0,1222.0,1400.0
107,2353,宏碁,1536.0,,1604.0
108,2353,宏碁,1513.0,1122.0,1362.0
109,2353,宏碁,1539.0,1296.0,1663.0
110,2353,宏碁,1578.0,1651.0,2190.0
111,2353,宏碁,1501.0,1442.0,1772.0
112,2353,宏碁,1540.0,1186.0,1422.0
113,2353,宏碁,1443.0,1439.0,1753.0
114,2353,宏碁,1433.0,1348.0,1591.0
107,2355,敬鵬,3895.0,,614.0
108,2355,敬鵬,3387.0,560.0,621.0
109,2355,敬鵬,3258.0,533.0,598.0
110,2355,敬鵬,3006.0,601.0,672.0
111,2355,敬鵬,2625.0,640.0,710.0
112,2355,敬鵬,2768.0,632.0,702.0
113,2355,敬鵬,2789.0,648.0,733.0
114,2355,敬鵬,2728.0,654.0,739.0
107,2356,英業達,4053.0,,1102.0
108,2356,英業達,4315.0,920.0,1090.0
109,2356,英業達,5323.0,809.0,996.0
110,2356,英業達,5427.0,838.0,1024.0
111,2356,英業達,5174.0,939.0,1121.0
112,2356,英業達,5868.0,948.0,1129.0
113,2356,英業達,6240.0,973.0,1153.0
114,2356,英業達,6455.0,1006.0,1234.0
107,2357,華碩,5908.0,,1360.0
108,2357,華碩,5426.0,1173.0,1481.0
109,2357,華碩,5716.0,1243.0,1612.0
110,2357,華碩,6219.0,1504.0,2002.0
111,2357,華碩,6868.0,1310.0,1617.0
112,2357,華碩,7337.0,1375.0,1691.0
113,2357,華碩,7160.0,1473.0,1837.0
114,2357,華碩,7237.0,1539.0,1928.0
107,2362,藍天,467.0,,1137.0
108,2362,藍天,475.0,1016.0,1130.0
109,2362,藍天,468.0,1007.0,1135.0
110,2362,藍天,469.0,1073.0,1192.0
111,2362,藍天,477.0,1078.0,1204.0
112,2362,藍天,505.0,1101.0,1206.0
113,2362,藍天,518.0,1116.0,1209.0
114,2362,藍天,520.0,1133.0,1221.0
107,2363,矽統,173.0,,1202.0
108,2363,矽統,175.0,1115.0,1224.0
109,2363,矽統,172.0,1105.0,1227.0
110,2363,矽統,150.0,1097.0,1253.0
111,2363,矽統,144.0,1210.0,1308.0
112,2363,矽統,142.0,1310.0,1414.0
113,2363,矽統,126.0,1574.0,1908.0
114,2363,矽統,143.0,1507.0,1861.0
107,2364,倫飛,148.0,,641.0
108,2364,倫飛,150.0,656.0,726.0
109,2364,倫飛,141.0,616.0,670.0
110,2364,倫飛,147.0,589.0,692.0
111,2364,倫飛,151.0,643.0,737.0
112,2364,倫飛,158.0,665.0,802.0
113,2364,倫飛,168.0,691.0,865.0
114,2364,倫飛,190.0,695.0,896.0
107,2365,昆盈,82.0,,851.0
108,2365,昆盈,61.0,777.0,876.0
109,2365,昆盈,51.0,801.0,932.0
110,2365,昆盈,46.0,718.0,829.0
111,2365,昆盈,45.0,719.0,847.0
112,2365,昆盈,50.0,770.0,861.0
113,2365,昆盈,51.0,955.0,1044.0
114,2365,昆盈,51.0,879.0,981.0
107,2367,燿華,4795.0,,554.0
108,2367,燿華,4880.0,585.0,665.0
109,2367,燿華,4754.0,513.0,560.0
110,2367,燿華,4646.0,503.0,559.0
111,2367,燿華,4482.0,605.0,673.0
112,2367,燿華,4632.0,544.0,593.0
113,2367,燿華,4478.0,669.0,719.0
114,2367,燿華,4350.0,663.0,712.0
107,2368,金像電,2266.0,,609.0
108,2368,金像電,2084.0,493.0,554.0
109,2368,金像電,2202.0,574.0,683.0
110,2368,金像電,2200.0,623.0,765.0
111,2368,金像電,2256.0,721.0,887.0
112,2368,金像電,2305.0,682.0,877.0
113,2368,金像電,2366.0,716.0,885.0
114,2368,金像電,2673.0,846.0,1031.0
107,2369,菱生,2348.0,,513.0
108,2369,菱生,2081.0,445.0,515.0
109,2369,菱生,2078.0,483.0,544.0
110,2369,菱生,2273.0,511.0,607.0
111,2369,菱生,2197.0,507.0,591.0
112,2369,菱生,2166.0,531.0,588.0
113,2369,菱生,2213.0,539.0,590.0
114,2369,菱生,2055.0,542.0,600.0
107,2374,佳能,613.0,,955.0
108,2374,佳能,522.0,990.0,1042.0
109,2374,佳能,481.0,1027.0,1045.0
110,2374,佳能,479.0,995.0,1110.0
111,2374,佳能,453.0,1080.0,1251.0
112,2374,佳能,446.0,1090.0,1148.0
113,2374,佳能,470.0,1063.0,1200.0
114,2374,佳能,491.0,1063.0,1271.0
107,2375,凱美,20.0,,693.0
108,2375,凱美,16.0,678.0,687.0
109,2375,凱美,34.0,698.0,711.0
110,2375,凱美,35.0,759.0,731.0
111,2375,凱美,33.0,800.0,774.0
112,2375,凱美,40.0,730.0,777.0
113,2375,凱美,39.0,782.0,829.0
114,2375,凱美,39.0,789.0,890.0
107,2376,技嘉,2428.0,,1153.0
108,2376,技嘉,2459.0,766.0,1015.0
109,2376,技嘉,2485.0,859.0,1143.0
110,2376,技嘉,2530.0,1002.0,1474.0
111,2376,技嘉,2611.0,953.0,1409.0
112,2376,技嘉,1858.0,856.0,1232.0
113,2376,技嘉,1954.0,1020.0,1655.0
114,2376,技嘉,2095.0,1032.0,1678.0
107,2377,微星,2147.0,,1390.0
108,2377,微星,2221.0,1105.0,1320.0
109,2377,微星,2651.0,1215.0,1414.0
110,2377,微星,2764.0,1606.0,1935.0
111,2377,微星,2962.0,1478.0,1712.0
112,2377,微星,2873.0,1213.0,1395.0
113,2377,微星,2913.0,1286.0,1515.0
114,2377,微星,3082.0,1245.0,1478.0
107,2379,瑞昱,3356.0,,1993.0
108,2379,瑞昱,3582.0,1819.0,2100.0
109,2379,瑞昱,3984.0,1946.0,2360.0
110,2379,瑞昱,4446.0,3270.0,4083.0
111,2379,瑞昱,4780.0,3069.0,3839.0
112,2379,瑞昱,5073.0,2593.0,3149.0
113,2379,瑞昱,5284.0,3246.0,3915.0
114,2379,瑞昱,5408.0,3193.0,3871.0
107,2380,虹光,389.0,,813.0
108,2380,虹光,383.0,716.0,821.0
109,2380,虹光,369.0,744.0,843.0
110,2380,虹光,371.0,765.0,863.0
111,2380,虹光,365.0,771.0,873.0
112,2380,虹光,359.0,803.0,893.0
113,2380,虹光,357.0,805.0,912.0
114,2380,虹光,338.0,828.0,943.0
107,2382,廣達,5660.0,,1495.0
108,2382,廣達,7019.0,1151.0,1345.0
109,2382,廣達,8295.0,1112.0,1307.0
110,2382,廣達,9164.0,1174.0,1420.0
111,2382,廣達,10317.0,1217.0,1501.0
112,2382,廣達,10352.0,1291.0,1522.0
113,2382,廣達,10444.0,1490.0,1688.0
114,2382,廣達,10886.0,1716.0,1978.0
107,2383,台光電,858.0,,767.0
108,2383,台光電,839.0,684.0,783.0
109,2383,台光電,826.0,687.0,826.0
110,2383,台光電,901.0,767.0,935.0
111,2383,台光電,936.0,786.0,1054.0
112,2383,台光電,932.0,805.0,1070.0
113,2383,台光電,967.0,888.0,1156.0
114,2383,台光電,1062.0,974.0,1273.0
107,2385,群光,652.0,,1488.0
108,2385,群光,706.0,1485.0,1741.0
109,2385,群光,790.0,1516.0,1750.0
110,2385,群光,788.0,1482.0,1764.0
111,2385,群光,773.0,1676.0,1958.0
112,2385,群光,821.0,1808.0,2099.0
113,2385,群光,847.0,1990.0,2269.0
114,2385,群光,830.0,1920.0,2164.0
107,2387,精元,226.0,,777.0
108,2387,精元,255.0,610.0,672.0
109,2387,精元,270.0,640.0,706.0
110,2387,精元,274.0,670.0,740.0
111,2387,精元,262.0,655.0,740.0
112,2387,精元,257.0,672.0,742.0
113,2387,精元,253.0,679.0,768.0
114,2387,精元,247.0,672.0,756.0
107,2388,威盛,453.0,,1378.0
108,2388,威盛,429.0,1297.0,1452.0
109,2388,威盛,393.0,1325.0,1492.0
110,2388,威盛,359.0,1424.0,1556.0
111,2388,威盛,350.0,1443.0,1632.0
112,2388,威盛,349.0,1515.0,1692.0
113,2388,威盛,348.0,1652.0,1866.0
114,2388,威盛,341.0,1537.0,1728.0
107,2392,正崴,744.0,,1019.0
108,2392,正崴,693.0,915.0,1019.0
109,2392,正崴,704.0,1041.0,1199.0
110,2392,正崴,767.0,1034.0,1181.0
111,2392,正崴,817.0,956.0,1082.0
112,2392,正崴,857.0,1086.0,1246.0
113,2392,正崴,887.0,1046.0,1184.0
114,2392,正崴,786.0,1149.0,1287.0
107,2393,億光,1603.0,,699.0
108,2393,億光,1404.0,572.0,725.0
109,2393,億光,1397.0,596.0,760.0
110,2393,億光,1420.0,598.0,814.0
111,2393,億光,1239.0,603.0,796.0
112,2393,億光,1156.0,735.0,927.0
113,2393,億光,1258.0,812.0,1131.0
114,2393,億光,985.0,856.0,1089.0
107,2395,研華,2905.0,,1001.0
108,2395,研華,2890.0,855.0,1002.0
109,2395,研華,2979.0,857.0,1024.0
110,2395,研華,2992.0,996.0,1151.0
111,2395,研華,3142.0,1001.0,1192.0
112,2395,研華,3375.0,1059.0,1232.0
113,2395,研華,3408.0,1104.0,1267.0
114,2395,研華,3544.0,1156.0,1322.0
107,2397,友通,582.0,,768.0
108,2397,友通,608.0,644.0,792.0
109,2397,友通,624.0,589.0,737.0
110,2397,友通,559.0,672.0,848.0
111,2397,友通,577.0,711.0,905.0
112,2397,友通,626.0,644.0,819.0
113,2397,友通,597.0,683.0,863.0
114,2397,友通,573.0,735.0,935.0
107,2399,映泰,136.0,,801.0
108,2399,映泰,133.0,630.0,733.0
109,2399,映泰,131.0,718.0,866.0
110,2399,映泰,135.0,861.0,1068.0
111,2399,映泰,133.0,728.0,824.0
112,2399,映泰,127.0,742.0,868.0
113,2399,映泰,125.0,797.0,916.0
114,2399,映泰,119.0,787.0,889.0
107,2401,凌陽,264.0,,1430.0
108,2401,凌陽,291.0,1249.0,1398.0
109,2401,凌陽,301.0,1231.0,1404.0
110,2401,凌陽,315.0,1235.0,1442.0
111,2401,凌陽,327.0,1358.0,1592.0
112,2401,凌陽,314.0,1246.0,1421.0
113,2401,凌陽,298.0,1243.0,1462.0
114,2401,凌陽,301.0,1311.0,1479.0
107,2402,毅嘉,111.0,,638.0
108,2402,毅嘉,117.0,584.0,671.0
109,2402,毅嘉,129.0,562.0,669.0
110,2402,毅嘉,177.0,455.0,509.0
111,2402,毅嘉,194.0,439.0,538.0
112,2402,毅嘉,200.0,493.0,592.0
113,2402,毅嘉,167.0,530.0,632.0
114,2402,毅嘉,175.0,590.0,692.0
107,2405,輔信,278.0,,822.0
108,2405,輔信,262.0,735.0,866.0
109,2405,輔信,231.0,734.0,859.0
110,2405,輔信,201.0,903.0,1042.0
111,2405,輔信,193.0,828.0,976.0
112,2405,輔信,167.0,807.0,956.0
113,2405,輔信,159.0,827.0,972.0
114,2405,輔信,162.0,865.0,998.0
107,2406,國碩,485.0,,534.0
108,2406,國碩,161.0,632.0,704.0
109,2406,國碩,135.0,588.0,636.0
110,2406,國碩,133.0,601.0,655.0
111,2406,國碩,135.0,650.0,713.0
112,2406,國碩,139.0,625.0,697.0
113,2406,國碩,144.0,654.0,724.0
114,2406,國碩,118.0,611.0,689.0
107,2408,南亞科,2769.0,,1793.0
108,2408,南亞科,3133.0,1163.0,1400.0
109,2408,南亞科,3310.0,1166.0,1412.0
110,2408,南亞科,3375.0,1377.0,1735.0
111,2408,南亞科,3442.0,1350.0,1581.0
112,2408,南亞科,3528.0,1054.0,1220.0
113,2408,南亞科,3548.0,1111.0,1379.0
114,2408,南亞科,3528.0,1356.0,1614.0
107,2409,友達,23247.0,,979.0
108,2409,友達,21955.0,730.0,913.0
109,2409,友達,20432.0,783.0,972.0
110,2409,友達,19811.0,972.0,1475.0
111,2409,友達,19746.0,791.0,1044.0
112,2409,友達,18783.0,839.0,1099.0
113,2409,友達,18212.0,892.0,1167.0
114,2409,友達,17447.0,956.0,1250.0
107,2413,環科,584.0,,454.0
108,2413,環科,630.0,441.0,515.0
109,2413,環科,623.0,467.0,520.0
110,2413,環科,663.0,452.0,521.0
111,2413,環科,631.0,497.0,558.0
112,2413,環科,693.0,467.0,547.0
113,2413,環科,681.0,448.0,529.0
114,2413,環科,549.0,514.0,577.0
107,2415,錩新,21.0,,986.0
108,2415,錩新,22.0,847.0,970.0
109,2415,錩新,20.0,900.0,1001.0
110,2415,錩新,24.0,852.0,981.0
111,2415,錩新,25.0,904.0,1005.0
112,2415,錩新,24.0,886.0,1020.0
113,2415,錩新,24.0,949.0,1088.0
114,2415,錩新,25.0,974.0,1160.0
107,2417,圓剛,168.0,,1032.0
108,2417,圓剛,180.0,969.0,1018.0
109,2417,圓剛,173.0,1081.0,1265.0
110,2417,圓剛,211.0,975.0,1034.0
111,2417,圓剛,195.0,1085.0,1115.0
112,2417,圓剛,189.0,1114.0,1157.0
113,2417,圓剛,177.0,1380.0,1437.0
114,2417,圓剛,176.0,1119.0,1181.0
107,2420,新巨,574.0,,583.0
108,2420,新巨,580.0,452.0,584.0
109,2420,新巨,543.0,492.0,584.0
110,2420,新巨,558.0,498.0,575.0
111,2420,新巨,542.0,476.0,593.0
112,2420,新巨,527.0,483.0,596.0
113,2420,新巨,532.0,544.0,617.0
114,2420,新巨,506.0,564.0,652.0
107,2421,建準,499.0,,860.0
108,2421,建準,485.0,767.0,918.0
109,2421,建準,488.0,810.0,978.0
110,2421,建準,557.0,686.0,857.0
111,2421,建準,532.0,843.0,1026.0
112,2421,建準,594.0,876.0,1082.0
113,2421,建準,576.0,951.0,1205.0
114,2421,建準,614.0,1105.0,1398.0
107,2425,承啟,13.0,,641.0
108,2425,承啟,14.0,720.0,658.0
109,2425,承啟,15.0,680.0,649.0
110,2425,承啟,13.0,690.0,678.0
111,2425,承啟,16.0,720.0,658.0
112,2425,承啟,29.0,910.0,1036.0
113,2425,承啟,56.0,1292.0,1534.0
114,2425,承啟,62.0,1362.0,1494.0
107,2426,鼎元,696.0,,550.0
108,2426,鼎元,667.0,428.0,490.0
109,2426,鼎元,653.0,524.0,581.0
110,2426,鼎元,674.0,619.0,708.0
111,2426,鼎元,696.0,497.0,562.0
112,2426,鼎元,722.0,465.0,569.0
113,2426,鼎元,737.0,573.0,656.0
114,2426,鼎元,743.0,551.0,630.0
107,2428,興勤,375.0,,668.0
108,2428,興勤,403.0,557.0,684.0
109,2428,興勤,400.0,630.0,777.0
110,2428,興勤,450.0,656.0,869.0
111,2428,興勤,488.0,560.0,758.0
112,2428,興勤,454.0,604.0,815.0
113,2428,興勤,489.0,656.0,850.0
114,2428,興勤,467.0,680.0,888.0
107,2429,銘旺科,54.0,,398.0
108,2429,銘旺科,55.0,366.0,443.0
109,2429,銘旺科,67.0,358.0,468.0
110,2429,銘旺科,62.0,359.0,466.0
111,2429,銘旺科,69.0,321.0,458.0
112,2429,銘旺科,61.0,333.0,437.0
113,2429,銘旺科,16.0,577.0,612.0
114,2429,銘旺科,25.0,594.0,633.0
107,2431,聯昌,69.0,,799.0
108,2431,聯昌,64.0,712.0,798.0
109,2431,聯昌,56.0,711.0,849.0
110,2431,聯昌,42.0,721.0,817.0
111,2431,聯昌,42.0,764.0,920.0
112,2431,聯昌,39.0,837.0,976.0
113,2431,聯昌,37.0,890.0,1009.0
114,2431,聯昌,37.0,871.0,995.0
112,2432,倚天酷碁-創,46.0,1277.0,1476.0
113,2432,倚天酷碁-創,54.0,1207.0,1462.0
114,2432,倚天酷碁-創,58.0,1271.0,1456.0
107,2434,統懋,129.0,,500.0
108,2434,統懋,80.0,490.0,556.0
109,2434,統懋,32.0,560.0,685.0
110,2434,統懋,21.0,502.0,551.0
111,2434,統懋,23.0,492.0,557.0
112,2434,統懋,23.0,493.0,536.0
113,2434,統懋,21.0,498.0,537.0
114,2434,統懋,26.0,482.0,523.0
107,2436,偉詮電,268.0,,1062.0
108,2436,偉詮電,275.0,1111.0,1182.0
109,2436,偉詮電,286.0,1101.0,1194.0
110,2436,偉詮電,284.0,1352.0,1443.0
111,2436,偉詮電,290.0,1071.0,1151.0
112,2436,偉詮電,276.0,1202.0,1279.0
113,2436,偉詮電,278.0,1206.0,1299.0
114,2436,偉詮電,280.0,1339.0,1446.0
107,2438,翔耀,27.0,,516.0
108,2438,翔耀,22.0,544.0,555.0
109,2438,翔耀,22.0,445.0,531.0
110,2438,翔耀,25.0,463.0,508.0
111,2438,翔耀,25.0,461.0,522.0
112,2438,翔耀,13.0,459.0,515.0
113,2438,翔耀,10.0,481.0,495.0
114,2438,翔耀,38.0,503.0,590.0
107,2440,太空梭,20.0,,809.0
108,2440,太空梭,19.0,690.0,748.0
109,2440,太空梭,17.0,758.0,832.0
110,2440,太空梭,16.0,878.0,939.0
111,2440,太空梭,16.0,737.0,783.0
112,2440,太空梭,14.0,761.0,857.0
113,2440,太空梭,17.0,748.0,780.0
114,2440,太空梭,16.0,753.0,794.0
107,2441,超豐,3427.0,,749.0
108,2441,超豐,3495.0,614.0,735.0
109,2441,超豐,3646.0,690.0,814.0
110,2441,超豐,4008.0,756.0,935.0
111,2441,超豐,4123.0,630.0,783.0
112,2441,超豐,3965.0,610.0,737.0
113,2441,超豐,4023.0,688.0,829.0
114,2441,超豐,4215.0,760.0,907.0
107,2449,京元電子,5496.0,,688.0
108,2449,京元電子,6594.0,593.0,706.0
109,2449,京元電子,6911.0,602.0,721.0
110,2449,京元電子,6847.0,662.0,803.0
111,2449,京元電子,6538.0,711.0,863.0
112,2449,京元電子,6719.0,665.0,792.0
113,2449,京元電子,6905.0,696.0,859.0
114,2449,京元電子,8141.0,719.0,910.0
107,2451,創見,1126.0,,730.0
108,2451,創見,1055.0,581.0,717.0
109,2451,創見,1046.0,608.0,725.0
110,2451,創見,998.0,631.0,790.0
111,2451,創見,968.0,601.0,748.0
112,2451,創見,957.0,618.0,763.0
113,2451,創見,948.0,642.0,786.0
114,2451,創見,923.0,739.0,958.0
107,2454,聯發科,6155.0,,2705.0
108,2454,聯發科,8218.0,2339.0,2647.0
109,2454,聯發科,8741.0,2641.0,3089.0
110,2454,聯發科,9094.0,3992.0,5150.0
111,2454,聯發科,10756.0,3747.0,4867.0
112,2454,聯發科,11432.0,3094.0,3754.0
113,2454,聯發科,11566.0,3438.0,4310.0
114,2454,聯發科,11823.0,3552.0,4465.0
107,2457,飛宏,485.0,,845.0
108,2457,飛宏,496.0,737.0,853.0
109,2457,飛宏,481.0,744.0,855.0
110,2457,飛宏,517.0,744.0,873.0
111,2457,飛宏,369.0,794.0,919.0
112,2457,飛宏,382.0,877.0,1010.0
113,2457,飛宏,392.0,947.0,1147.0
114,2457,飛宏,374.0,964.0,1130.0
107,2458,義隆,881.0,,1553.0
108,2458,義隆,863.0,1594.0,1688.0
109,2458,義隆,1014.0,1493.0,1719.0
110,2458,義隆,1015.0,1798.0,1970.0
111,2458,義隆,998.0,1572.0,1745.0
112,2458,義隆,934.0,1715.0,1864.0
113,2458,義隆,975.0,1835.0,2009.0
114,2458,義隆,1001.0,1823.0,1945.0
107,2460,建通,133.0,,501.0
108,2460,建通,127.0,461.0,512.0
109,2460,建通,129.0,486.0,524.0
110,2460,建通,129.0,594.0,675.0
111,2460,建通,116.0,530.0,595.0
112,2460,建通,110.0,524.0,590.0
113,2460,建通,113.0,569.0,629.0
114,2460,建通,122.0,584.0,645.0
107,2462,良得電,45.0,,754.0
108,2462,良得電,46.0,777.0,850.0
109,2462,良得電,45.0,874.0,1022.0
110,2462,良得電,44.0,883.0,993.0
111,2462,良得電,44.0,876.0,990.0
112,2462,良得電,40.0,1055.0,1292.0
113,2462,良得電,41.0,1003.0,1249.0
114,2462,良得電,43.0,947.0,1064.0
107,2465,麗臺,274.0,,793.0
108,2465,麗臺,276.0,663.0,794.0
109,2465,麗臺,279.0,647.0,801.0
110,2465,麗臺,294.0,710.0,848.0
111,2465,麗臺,310.0,718.0,857.0
112,2465,麗臺,324.0,775.0,876.0
113,2465,麗臺,331.0,836.0,943.0
114,2465,麗臺,149.0,762.0,1004.0
107,2466,冠西電,104.0,,615.0
108,2466,冠西電,111.0,442.0,610.0
109,2466,冠西電,110.0,370.0,542.0
110,2466,冠西電,124.0,404.0,539.0
111,2466,冠西電,135.0,446.0,608.0
112,2466,冠西電,132.0,360.0,538.0
113,2466,冠西電,138.0,371.0,522.0
114,2466,冠西電,58.0,501.0,626.0
107,2467,志聖,325.0,,1078.0
108,2467,志聖,330.0,840.0,960.0
109,2467,志聖,316.0,846.0,983.0
110,2467,志聖,328.0,921.0,1097.0
111,2467,志聖,355.0,993.0,1189.0
112,2467,志聖,353.0,1018.0,1133.0
113,2467,志聖,372.0,1051.0,1138.0
114,2467,志聖,405.0,1084.0,1253.0
107,2472,立隆電,86.0,,870.0
108,2472,立隆電,87.0,740.0,828.0
109,2472,立隆電,85.0,763.0,956.0
110,2472,立隆電,92.0,1028.0,1086.0
111,2472,立隆電,107.0,1278.0,1312.0
112,2472,立隆電,102.0,1110.0,1163.0
113,2472,立隆電,100.0,1376.0,1318.0
114,2472,立隆電,97.0,1385.0,1495.0
107,2476,鉅祥,612.0,,644.0
108,2476,鉅祥,630.0,579.0,680.0
109,2476,鉅祥,648.0,587.0,668.0
110,2476,鉅祥,628.0,633.0,707.0
111,2476,鉅祥,688.0,631.0,716.0
112,2476,鉅祥,706.0,598.0,674.0
113,2476,鉅祥,711.0,645.0,712.0
114,2476,鉅祥,776.0,650.0,738.0
107,2478,大毅,645.0,,789.0
108,2478,大毅,664.0,458.0,594.0
109,2478,大毅,722.0,505.0,661.0
110,2478,大毅,829.0,585.0,741.0
111,2478,大毅,835.0,571.0,684.0
112,2478,大毅,745.0,579.0,697.0
113,2478,大毅,766.0,646.0,778.0
114,2478,大毅,851.0,731.0,869.0
107,2481,強茂,1396.0,,567.0
108,2481,強茂,1348.0,473.0,569.0
109,2481,強茂,1260.0,556.0,688.0
110,2481,強茂,1425.0,619.0,770.0
111,2481,強茂,1490.0,555.0,770.0
112,2481,強茂,1366.0,554.0,745.0
113,2481,強茂,1290.0,610.0,785.0
114,2481,強茂,1287.0,651.0,850.0
107,2483,百容,541.0,,493.0
108,2483,百容,532.0,386.0,465.0
109,2483,百容,570.0,430.0,489.0
110,2483,百容,542.0,471.0,530.0
111,2483,百容,570.0,469.0,535.0
112,2483,百容,549.0,426.0,501.0
113,2483,百容,543.0,450.0,524.0
114,2483,百容,552.0,474.0,550.0
107,2484,希華,654.0,,520.0
108,2484,希華,655.0,466.0,509.0
109,2484,希華,684.0,493.0,534.0
110,2484,希華,720.0,582.0,655.0
111,2484,希華,733.0,604.0,702.0
112,2484,希華,693.0,556.0,635.0
113,2484,希華,684.0,575.0,650.0
114,2484,希華,680.0,561.0,668.0
107,2486,一詮,721.0,,585.0
108,2486,一詮,683.0,521.0,582.0
109,2486,一詮,710.0,543.0,605.0
110,2486,一詮,760.0,629.0,739.0
111,2486,一詮,802.0,546.0,603.0
112,2486,一詮,761.0,550.0,625.0
113,2486,一詮,751.0,596.0,677.0
114,2486,一詮,856.0,601.0,665.0
107,2489,瑞軒,275.0,,1080.0
108,2489,瑞軒,294.0,926.0,1048.0
109,2489,瑞軒,305.0,1128.0,1283.0
110,2489,瑞軒,328.0,1378.0,1683.0
111,2489,瑞軒,322.0,927.0,1035.0
112,2489,瑞軒,323.0,1155.0,1302.0
113,2489,瑞軒,355.0,1200.0,1360.0
114,2489,瑞軒,384.0,1232.0,1383.0
107,2491,吉祥全,7.0,,445.0
108,2491,吉祥全,5.0,521.0,564.0
109,2491,吉祥全,4.0,545.0,585.0
110,2491,吉祥全,6.0,522.0,544.0
111,2491,吉祥全,9.0,505.0,553.0
112,2491,吉祥全,15.0,549.0,600.0
113,2491,吉祥全,11.0,552.0,568.0
114,2491,吉祥全,10.0,550.0,580.0
107,2492,華新科,2130.0,,944.0
108,2492,華新科,2280.0,483.0,676.0
109,2492,華新科,2388.0,583.0,764.0
110,2492,華新科,2708.0,595.0,802.0
111,2492,華新科,2479.0,486.0,580.0
112,2492,華新科,2026.0,595.0,657.0
113,2492,華新科,2195.0,650.0,752.0
114,2492,華新科,2231.0,665.0,758.0
107,2493,揚博,255.0,,819.0
108,2493,揚博,256.0,731.0,828.0
109,2493,揚博,248.0,820.0,987.0
110,2493,揚博,250.0,867.0,1012.0
111,2493,揚博,252.0,882.0,1077.0
112,2493,揚博,270.0,858.0,1017.0
113,2493,揚博,271.0,870.0,954.0
114,2493,揚博,282.0,857.0,1042.0
107,2495,普安,423.0,,863.0
108,2495,普安,424.0,785.0,885.0
109,2495,普安,424.0,767.0,868.0
110,2495,普安,416.0,772.0,885.0
111,2495,普安,375.0,759.0,931.0
112,2495,普安,384.0,812.0,962.0
113,2495,普安,384.0,855.0,976.0
114,2495,普安,372.0,899.0,999.0
107,3002,歐格,30.0,,885.0
108,3002,歐格,30.0,908.0,874.0
109,3002,歐格,32.0,823.0,864.0
110,3002,歐格,32.0,875.0,897.0
111,3002,歐格,38.0,889.0,746.0
112,3002,歐格,33.0,845.0,883.0
113,3002,歐格,34.0,833.0,911.0
114,3002,歐格,33.0,845.0,920.0
107,3003,健和興,641.0,,591.0
108,3003,健和興,635.0,561.0,598.0
109,3003,健和興,636.0,533.0,564.0
110,3003,健和興,661.0,521.0,584.0
111,3003,健和興,680.0,647.0,687.0
112,3003,健和興,677.0,614.0,667.0
113,3003,健和興,701.0,605.0,660.0
114,3003,健和興,768.0,594.0,650.0
107,3005,神基,505.0,,1605.0
108,3005,神基,525.0,1403.0,1620.0
109,3005,神基,581.0,1373.0,1586.0
110,3005,神基,575.0,1242.0,1488.0
111,3005,神基,450.0,1428.0,1628.0
112,3005,神基,486.0,1526.0,1750.0
113,3005,神基,544.0,1565.0,1795.0
114,3005,神基,533.0,1589.0,1913.0
107,3006,晶豪科,401.0,,1838.0
108,3006,晶豪科,433.0,1568.0,1684.0
109,3006,晶豪科,450.0,1964.0,2106.0
110,3006,晶豪科,472.0,4333.0,4509.0
111,3006,晶豪科,483.0,2443.0,2585.0
112,3006,晶豪科,520.0,1970.0,2124.0
113,3006,晶豪科,556.0,1969.0,2113.0
114,3006,晶豪科,573.0,1938.0,2108.0
107,3008,大立光,5912.0,,1305.0
108,3008,大立光,6443.0,752.0,1392.0
109,3008,大立光,6877.0,779.0,1259.0
110,3008,大立光,6784.0,842.0,1146.0
111,3008,大立光,6709.0,878.0,1244.0
112,3008,大立光,7164.0,858.0,1139.0
113,3008,大立光,7601.0,927.0,1319.0
114,3008,大立光,7989.0,896.0,1203.0
107,3011,今皓,50.0,,709.0
108,3011,今皓,52.0,546.0,808.0
109,3011,今皓,48.0,537.0,684.0
110,3011,今皓,43.0,540.0,670.0
111,3011,今皓,45.0,620.0,708.0
112,3011,今皓,44.0,664.0,761.0
113,3011,今皓,43.0,698.0,881.0
114,3011,今皓,32.0,651.0,842.0
107,3013,晟銘電,66.0,,858.0
108,3013,晟銘電,68.0,831.0,840.0
109,3013,晟銘電,68.0,798.0,819.0
110,3013,晟銘電,69.0,840.0,877.0
111,3013,晟銘電,69.0,956.0,998.0
112,3013,晟銘電,66.0,914.0,975.0
113,3013,晟銘電,79.0,928.0,977.0
114,3013,晟銘電,128.0,778.0,867.0
107,3014,聯陽,414.0,,1739.0
108,3014,聯陽,393.0,1712.0,1807.0
109,3014,聯陽,406.0,2026.0,2146.0
110,3014,聯陽,408.0,2698.0,2849.0
111,3014,聯陽,410.0,1891.0,2013.0
112,3014,聯陽,415.0,2346.0,2523.0
113,3014,聯陽,427.0,2435.0,2629.0
114,3014,聯陽,442.0,2297.0,2502.0
107,3015,全漢,768.0,,793.0
108,3015,全漢,708.0,650.0,801.0
109,3015,全漢,719.0,735.0,908.0
110,3015,全漢,711.0,845.0,984.0
111,3015,全漢,708.0,877.0,1001.0
112,3015,全漢,714.0,838.0,971.0
113,3015,全漢,720.0,819.0,1001.0
114,3015,全漢,751.0,852.0,986.0
107,3016,嘉晶,605.0,,897.0
108,3016,嘉晶,647.0,677.0,753.0
109,3016,嘉晶,615.0,719.0,795.0
110,3016,嘉晶,592.0,851.0,951.0
111,3016,嘉晶,654.0,1050.0,1145.0
112,3016,嘉晶,701.0,835.0,895.0
113,3016,嘉晶,695.0,872.0,940.0
114,3016,嘉晶,684.0,837.0,901.0
107,3017,奇鋐,400.0,,815.0
108,3017,奇鋐,441.0,768.0,833.0
109,3017,奇鋐,534.0,809.0,899.0
110,3017,奇鋐,528.0,869.0,969.0
111,3017,奇鋐,524.0,909.0,1033.0
112,3017,奇鋐,463.0,1046.0,1206.0
113,3017,奇鋐,523.0,1064.0,1253.0
114,3017,奇鋐,555.0,1221.0,1477.0
107,3019,亞光,728.0,,806.0
108,3019,亞光,767.0,656.0,769.0
109,3019,亞光,755.0,647.0,753.0
110,3019,亞光,822.0,783.0,954.0
111,3019,亞光,884.0,685.0,848.0
112,3019,亞光,945.0,716.0,854.0
113,3019,亞光,943.0,862.0,1017.0
114,3019,亞光,969.0,878.0,1029.0
107,3021,鴻名,143.0,,647.0
108,3021,鴻名,143.0,531.0,687.0
109,3021,鴻名,149.0,550.0,680.0
110,3021,鴻名,162.0,561.0,693.0
111,3021,鴻名,165.0,598.0,722.0
112,3021,鴻名,163.0,608.0,723.0
113,3021,鴻名,171.0,599.0,732.0
114,3021,鴻名,180.0,611.0,770.0
107,3022,威強電,433.0,,862.0
108,3022,威強電,425.0,786.0,849.0
109,3022,威強電,428.0,776.0,839.0
110,3022,威強電,374.0,795.0,843.0
111,3022,威強電,326.0,830.0,895.0
112,3022,威強電,362.0,1022.0,1137.0
113,3022,威強電,387.0,1007.0,1124.0
114,3022,威強電,402.0,964.0,1069.0
107,3023,信邦,570.0,,681.0
108,3023,信邦,603.0,566.0,708.0
109,3023,信邦,807.0,504.0,695.0
110,3023,信邦,1013.0,498.0,677.0
111,3023,信邦,1147.0,496.0,685.0
112,3023,信邦,1141.0,544.0,729.0
113,3023,信邦,1154.0,573.0,759.0
114,3023,信邦,1199.0,572.0,747.0
107,3024,憶聲,48.0,,680.0
108,3024,憶聲,49.0,606.0,621.0
109,3024,憶聲,47.0,673.0,712.0
110,3024,憶聲,51.0,822.0,867.0
111,3024,憶聲,62.0,512.0,586.0
112,3024,憶聲,62.0,539.0,618.0
113,3024,憶聲,55.0,627.0,678.0
114,3024,憶聲,34.0,612.0,705.0
107,3026,禾伸堂,835.0,,865.0
108,3026,禾伸堂,897.0,604.0,793.0
109,3026,禾伸堂,913.0,626.0,837.0
110,3026,禾伸堂,987.0,646.0,869.0
111,3026,禾伸堂,1001.0,665.0,838.0
112,3026,禾伸堂,967.0,707.0,817.0
113,3026,禾伸堂,943.0,737.0,843.0
114,3026,禾伸堂,972.0,800.0,922.0
107,3031,佰鴻,69.0,,717.0
108,3031,佰鴻,63.0,694.0,797.0
109,3031,佰鴻,63.0,698.0,773.0
110,3031,佰鴻,64.0,761.0,849.0
111,3031,佰鴻,66.0,707.0,787.0
112,3031,佰鴻,60.0,744.0,816.0
113,3031,佰鴻,58.0,760.0,815.0
114,3031,佰鴻,64.0,728.0,804.0
107,3032,偉訓,107.0,,1068.0
108,3032,偉訓,112.0,869.0,948.0
109,3032,偉訓,121.0,991.0,1100.0
110,3032,偉訓,128.0,881.0,970.0
111,3032,偉訓,118.0,917.0,999.0
112,3032,偉訓,117.0,1175.0,1276.0
113,3032,偉訓,119.0,1067.0,1190.0
114,3032,偉訓,126.0,834.0,877.0
107,3034,聯詠,2019.0,,2542.0
108,3034,聯詠,2112.0,2398.0,2713.0
109,3034,聯詠,2293.0,2732.0,3175.0
110,3034,聯詠,2463.0,4018.0,4994.0
111,3034,聯詠,2676.0,3222.0,3959.0
112,3034,聯詠,2852.0,3028.0,3712.0
113,3034,聯詠,3007.0,2865.0,3521.0
114,3034,聯詠,3266.0,2652.0,3246.0
107,3035,智原,574.0,,1635.0
108,3035,智原,621.0,1396.0,1618.0
109,3035,智原,631.0,1365.0,1618.0
110,3035,智原,586.0,1633.0,2073.0
111,3035,智原,591.0,2072.0,2550.0
112,3035,智原,599.0,1980.0,2323.0
113,3035,智原,625.0,1802.0,2089.0
114,3035,智原,617.0,1752.0,2023.0
107,3037,欣興,9720.0,,689.0
108,3037,欣興,10693.0,614.0,727.0
109,3037,欣興,10863.0,646.0,753.0
110,3037,欣興,12358.0,689.0,866.0
111,3037,欣興,13143.0,795.0,1099.0
112,3037,欣興,13700.0,691.0,854.0
113,3037,欣興,14592.0,692.0,820.0
114,3037,欣興,16085.0,697.0,831.0
107,3038,全台,817.0,,524.0
108,3038,全台,824.0,481.0,564.0
109,3038,全台,838.0,492.0,577.0
110,3038,全台,837.0,535.0,621.0
111,3038,全台,865.0,570.0,675.0
112,3038,全台,849.0,556.0,674.0
113,3038,全台,818.0,542.0,674.0
114,3038,全台,785.0,545.0,665.0
107,3041,揚智,223.0,,1641.0
108,3041,揚智,190.0,2054.0,2416.0
109,3041,揚智,199.0,1476.0,1710.0
110,3041,揚智,218.0,1564.0,1818.0
111,3041,揚智,138.0,1643.0,1798.0
112,3041,揚智,118.0,1605.0,1713.0
113,3041,揚智,87.0,1662.0,1718.0
114,3041,揚智,80.0,1713.0,1786.0
107,3042,晶技,909.0,,644.0
108,3042,晶技,870.0,569.0,674.0
109,3042,晶技,915.0,669.0,821.0
110,3042,晶技,1040.0,782.0,1036.0
111,3042,晶技,1067.0,808.0,1063.0
112,3042,晶技,981.0,729.0,940.0
113,3042,晶技,896.0,849.0,1090.0
114,3042,晶技,875.0,863.0,1082.0
107,3044,健鼎,1220.0,,731.0
108,3044,健鼎,1277.0,432.0,702.0
109,3044,健鼎,1341.0,435.0,664.0
110,3044,健鼎,1188.0,465.0,666.0
111,3044,健鼎,1115.0,492.0,706.0
112,3044,健鼎,1003.0,466.0,709.0
113,3044,健鼎,957.0,462.0,735.0
114,3044,健鼎,968.0,529.0,786.0
107,3046,建碁,97.0,,963.0
108,3046,建碁,89.0,917.0,954.0
109,3046,建碁,64.0,910.0,959.0
110,3046,建碁,22.0,1090.0,1111.0
111,3046,建碁,17.0,1191.0,1166.0
112,3046,建碁,17.0,1396.0,1274.0
113,3046,建碁,18.0,1497.0,1367.0
114,3046,建碁,21.0,1472.0,1370.0
107,3049,精金,273.0,,668.0
108,3049,精金,262.0,600.0,809.0
109,3049,精金,303.0,724.0,852.0
110,3049,和鑫,288.0,824.0,942.0
111,3049,和鑫,275.0,655.0,757.0
112,3049,精金,279.0,670.0,751.0
113,3049,精金,248.0,690.0,750.0
114,3049,精金,252.0,696.0,741.0
107,3050,鈺德,224.0,,575.0
108,3050,鈺德,203.0,560.0,617.0
109,3050,鈺德,200.0,575.0,611.0
110,3050,鈺德,194.0,579.0,629.0
111,3050,鈺德,193.0,600.0,655.0
112,3050,鈺德,188.0,582.0,633.0
113,3050,鈺德,186.0,577.0,631.0
114,3050,鈺德,176.0,578.0,617.0
107,3051,力特,588.0,,516.0
108,3051,力特,599.0,478.0,516.0
109,3051,力特,569.0,485.0,524.0
110,3051,力特,568.0,526.0,576.0
111,3051,力特,557.0,545.0,585.0
112,3051,力特,546.0,531.0,574.0
113,3051,力特,535.0,557.0,588.0
114,3051,力特,558.0,581.0,611.0
107,3057,喬鼎,259.0,,1000.0
108,3057,喬鼎,237.0,886.0,1025.0
109,3057,喬鼎,199.0,924.0,1097.0
110,3057,喬鼎,124.0,1004.0,1181.0
111,3057,喬鼎,129.0,1010.0,1183.0
112,3057,喬鼎,122.0,979.0,1154.0
113,3057,喬鼎,113.0,1029.0,1151.0
114,3057,喬鼎,94.0,1043.0,1221.0
107,3058,立德,126.0,,768.0
108,3058,立德,121.0,678.0,838.0
109,3058,立德,123.0,740.0,828.0
110,3058,立德,133.0,688.0,873.0
111,3058,立德,151.0,538.0,774.0
112,3058,立德,179.0,522.0,706.0
113,3058,立德,174.0,520.0,733.0
114,3058,立德,152.0,631.0,755.0
107,3059,華晶科,164.0,,1233.0
108,3059,華晶科,172.0,1243.0,1350.0
109,3059,華晶科,189.0,1199.0,1242.0
110,3059,華晶科,204.0,1198.0,1261.0
111,3059,華晶科,227.0,1209.0,1299.0
112,3059,華晶科,264.0,1225.0,1315.0
113,3059,華晶科,227.0,1258.0,1431.0
114,3059,華晶科,215.0,1414.0,1479.0
107,3060,銘異,427.0,,691.0
108,3060,銘異,371.0,510.0,581.0
109,3060,銘異,346.0,548.0,605.0
110,3060,銘異,326.0,557.0,640.0
111,3060,銘異,340.0,553.0,643.0
112,3060,銘異,282.0,541.0,593.0
113,3060,銘異,238.0,617.0,685.0
114,3060,銘異,221.0,648.0,702.0
107,3066,李洲,35.0,,546.0
108,3066,李洲,31.0,523.0,590.0
110,3066,李洲,34.0,562.0,576.0
111,3066,李洲,35.0,485.0,545.0
112,3066,李洲,37.0,527.0,580.0
113,3066,李洲,38.0,494.0,550.0
114,3066,李洲,29.0,492.0,554.0
107,3071,協禧,147.0,,682.0
108,3071,協禧,146.0,641.0,701.0
109,3071,協禧,142.0,652.0,769.0
110,3071,協禧,136.0,698.0,795.0
111,3071,協禧,138.0,667.0,765.0
112,3071,協禧,140.0,623.0,712.0
113,3071,協禧,140.0,610.0,685.0
114,3071,協禧,132.0,618.0,687.0
107,3078,僑威,104.0,,975.0
108,3078,僑威,111.0,799.0,964.0
109,3078,僑威,118.0,848.0,1065.0
110,3078,僑威,119.0,855.0,1060.0
111,3078,僑威,120.0,792.0,991.0
112,3078,僑威,119.0,982.0,1240.0
113,3078,僑威,143.0,912.0,1161.0
114,3078,僑威,146.0,949.0,1227.0
107,3088,艾訊,485.0,,919.0
108,3088,艾訊,529.0,788.0,883.0
109,3088,艾訊,548.0,791.0,874.0
110,3088,艾訊,545.0,866.0,990.0
111,3088,艾訊,560.0,983.0,1096.0
112,3088,艾訊,617.0,895.0,1020.0
113,3088,艾訊,627.0,960.0,1096.0
114,3088,艾訊,651.0,923.0,1075.0
110,3089,億杰,13.0,642.0,649.0
111,3089,億杰,17.0,593.0,699.0
107,3090,日電貿,129.0,,875.0
108,3090,日電貿,130.0,650.0,763.0
109,3090,日電貿,131.0,671.0,786.0
110,3090,日電貿,130.0,717.0,864.0
111,3090,日電貿,134.0,727.0,872.0
112,3090,日電貿,132.0,718.0,818.0
113,3090,日電貿,136.0,753.0,887.0
114,3090,日電貿,144.0,778.0,931.0
107,3092,鴻碩,8.0,,1083.0
108,3092,鴻碩,8.0,962.0,1111.0
109,3092,鴻碩,9.0,954.0,1147.0
110,3092,鴻碩,8.0,713.0,986.0
111,3092,鴻碩,7.0,652.0,732.0
112,3092,鴻碩,8.0,705.0,697.0
113,3092,鴻碩,9.0,635.0,703.0
114,3092,鴻碩,9.0,599.0,333.0
107,3094,聯傑,72.0,,1123.0
108,3094,聯傑,69.0,1088.0,1141.0
109,3094,聯傑,68.0,1072.0,1120.0
110,3094,聯傑,63.0,1134.0,1143.0
111,3094,聯傑,61.0,1177.0,1209.0
112,3094,聯傑,62.0,1161.0,1183.0
113,3094,聯傑,55.0,1097.0,1141.0
114,3094,聯傑,54.0,1144.0,1157.0
107,3105,穩懋,2582.0,,985.0
108,3105,穩懋,2675.0,893.0,1073.0
109,3105,穩懋,2919.0,924.0,1116.0
110,3105,穩懋,3146.0,926.0,1128.0
111,3105,穩懋,3398.0,683.0,831.0
112,3105,穩懋,3068.0,771.0,891.0
113,3105,穩懋,2866.0,845.0,1013.0
114,3105,穩懋,2762.0,911.0,1083.0
107,3114,好德,55.0,,1060.0
108,3114,好德,58.0,838.0,1069.0
109,3114,好德,58.0,847.0,1053.0
110,3114,好德,64.0,848.0,1004.0
111,3114,好德,55.0,924.0,1138.0
112,3114,好德,55.0,869.0,1016.0
113,3114,好德,57.0,751.0,962.0
114,3114,好德,49.0,890.0,1025.0
107,3115,富榮綱,18.0,,562.0
108,3115,富榮綱,20.0,675.0,634.0
109,3115,富榮綱,21.0,549.0,633.0
110,3115,富榮綱,5.0,622.0,602.0
111,3115,富榮綱,6.0,516.0,757.0
112,3115,富榮綱,8.0,530.0,702.0
113,3115,富榮綱,8.0,525.0,680.0
114,3115,富榮綱,8.0,590.0,536.0
107,3122,笙泉,63.0,,1023.0
108,3122,笙泉,59.0,961.0,1038.0
109,3122,笙泉,56.0,984.0,1027.0
110,3122,笙泉,54.0,1161.0,1259.0
111,3122,笙泉,59.0,1224.0,1324.0
112,3122,笙泉,61.0,1040.0,1133.0
113,3122,笙泉,62.0,1004.0,1096.0
114,3122,笙泉,60.0,1031.0,1136.0
107,3128,昇銳,185.0,,573.0
108,3128,昇銳,206.0,517.0,597.0
110,3128,昇銳,251.0,555.0,646.0
111,3128,昇銳,276.0,556.0,642.0
112,3128,昇銳,283.0,512.0,647.0
113,3128,昇銳,291.0,562.0,656.0
114,3128,昇銳,316.0,528.0,656.0
107,3131,弘塑,149.0,,1225.0
108,3131,弘塑,149.0,1202.0,1236.0
109,3131,弘塑,148.0,1309.0,1319.0
114,3131,弘塑,219.0,1831.0,2028.0
114,3135,凌航,58.0,647.0,990.0
107,3141,晶宏,124.0,,1059.0
108,3141,晶宏,118.0,1023.0,1052.0
109,3141,晶宏,118.0,1081.0,1128.0
110,3141,晶宏,119.0,1351.0,1420.0
111,3141,晶宏,129.0,1489.0,1657.0
112,3141,晶宏,137.0,1280.0,1373.0
113,3141,晶宏,141.0,1204.0,1268.0
114,3141,晶宏,143.0,1219.0,1337.0
107,3149,正達,640.0,,542.0
108,3149,正達,497.0,454.0,525.0
109,3149,正達,434.0,556.0,615.0
110,3149,正達,485.0,583.0,663.0
111,3149,正達,517.0,557.0,629.0
112,3149,正達,475.0,526.0,609.0
113,3149,正達,441.0,535.0,621.0
114,3149,正達,349.0,570.0,654.0
113,3150,鈺寶-創,46.0,1099.0,1270.0
114,3150,鈺寶-創,48.0,1212.0,1358.0
112,3168,眾福科,128.0,984.0,1095.0
113,3168,眾福科,118.0,1018.0,1225.0
114,3168,眾福科,130.0,947.0,1166.0
107,3169,亞信,52.0,,1257.0
108,3169,亞信,55.0,1019.0,1350.0
109,3169,亞信,57.0,1120.0,1406.0
110,3169,亞信,58.0,1627.0,2176.0
111,3169,亞信,61.0,1862.0,2451.0
112,3169,亞信,62.0,1392.0,1590.0
113,3169,亞信,64.0,1399.0,1591.0
114,3169,亞信,61.0,1404.0,1598.0
107,3178,公準,678.0,,505.0
108,3178,公準,649.0,472.0,529.0
109,3178,公準,691.0,465.0,532.0
110,3178,公準,699.0,484.0,559.0
111,3178,公準,729.0,529.0,605.0
112,3178,公準,754.0,512.0,589.0
113,3178,公準,701.0,514.0,575.0
114,3178,公準,688.0,520.0,586.0
107,3189,景碩,4684.0,,577.0
108,3189,景碩,4679.0,521.0,595.0
109,3189,景碩,4893.0,528.0,623.0
110,3189,景碩,5237.0,582.0,750.0
111,3189,景碩,5473.0,680.0,940.0
112,3189,景碩,5352.0,568.0,680.0
113,3189,景碩,5356.0,634.0,736.0
114,3189,景碩,6101.0,658.0,779.0
107,3191,雲嘉南,11.0,,376.0
108,3191,雲嘉南,17.0,371.0,584.0
109,3191,雲嘉南,14.0,420.0,490.0
110,3191,和進,3.0,567.0,566.0
111,3191,和進,4.0,581.0,513.0
112,3191,雲嘉南,4.0,598.0,556.0
113,3191,雲嘉南,5.0,596.0,594.0
114,3191,雲嘉南,6.0,592.0,572.0
110,3202,樺晟,53.0,569.0,652.0
111,3202,樺晟,62.0,552.0,629.0
112,3202,樺晟,85.0,615.0,699.0
107,3206,志豐,50.0,,879.0
108,3206,志豐,57.0,844.0,910.0
109,3206,志豐,57.0,851.0,926.0
110,3206,志豐,55.0,927.0,958.0
111,3206,志豐,54.0,1008.0,1048.0
112,3206,志豐,52.0,1058.0,1127.0
113,3206,志豐,47.0,1204.0,1215.0
114,3206,志豐,45.0,1079.0,1077.0
107,3207,耀勝,11.0,,613.0
108,3207,耀勝,10.0,534.0,595.0
109,3207,耀勝,10.0,550.0,576.0
110,3207,耀勝,14.0,571.0,712.0
111,3207,耀勝,18.0,832.0,949.0
112,3207,耀勝,23.0,850.0,844.0
113,3207,耀勝,46.0,562.0,605.0
114,3207,耀勝,69.0,479.0,536.0
107,3211,順達,109.0,,1227.0
108,3211,順達,132.0,1263.0,1389.0
109,3211,順達,161.0,1307.0,1410.0
110,3211,順達,205.0,1139.0,1250.0
111,3211,順達,224.0,1110.0,1160.0
112,3211,順達,202.0,1168.0,1252.0
113,3211,順達,201.0,1202.0,1292.0
114,3211,順達,232.0,1236.0,1329.0
107,3213,茂訊,290.0,,650.0
108,3213,茂訊,291.0,553.0,665.0
109,3213,茂訊,305.0,610.0,710.0
110,3213,茂訊,283.0,667.0,761.0
111,3213,茂訊,281.0,649.0,737.0
112,3213,茂訊,271.0,734.0,840.0
113,3213,茂訊,279.0,744.0,853.0
114,3213,茂訊,271.0,738.0,864.0
107,3217,優群,75.0,,939.0
108,3217,優群,86.0,891.0,983.0
109,3217,優群,98.0,959.0,1076.0
110,3217,優群,101.0,939.0,1173.0
111,3217,優群,102.0,904.0,1077.0
112,3217,優群,98.0,954.0,1151.0
113,3217,優群,102.0,1040.0,1281.0
114,3217,優群,111.0,1119.0,1336.0
107,3227,原相,406.0,,2398.0
108,3227,原相,402.0,2092.0,2319.0
109,3227,原相,426.0,2435.0,2799.0
110,3227,原相,474.0,2568.0,2915.0
111,3227,原相,505.0,2321.0,2522.0
112,3227,原相,530.0,2301.0,2500.0
113,3227,原相,561.0,2864.0,3029.0
114,3227,原相,587.0,2931.0,3044.0
107,3228,金麗科,75.0,,1214.0
108,3228,金麗科,74.0,1144.0,1344.0
109,3228,金麗科,60.0,1193.0,1412.0
110,3228,金麗科,58.0,1312.0,1615.0
111,3228,金麗科,57.0,1344.0,1742.0
112,3228,金麗科,67.0,1216.0,1603.0
113,3228,金麗科,71.0,1236.0,1612.0
114,3228,金麗科,82.0,1199.0,1556.0
107,3229,晟鈦,234.0,,474.0
108,3229,晟鈦,225.0,416.0,476.0
109,3229,晟鈦,210.0,401.0,453.0
110,3229,晟鈦,181.0,486.0,549.0
111,3229,晟鈦,148.0,481.0,551.0
112,3229,晟鈦,195.0,488.0,544.0
113,3229,晟鈦,209.0,534.0,565.0
114,3229,晟鈦,200.0,541.0,585.0
107,3230,錦明,24.0,,670.0
108,3230,錦明,26.0,658.0,638.0
110,3230,錦明,34.0,565.0,616.0
111,3230,錦明,50.0,594.0,667.0
112,3230,錦明,39.0,588.0,653.0
113,3230,錦明,44.0,494.0,681.0
114,3230,錦明,49.0,592.0,760.0
107,3231,緯創,6862.0,,1217.0
108,3231,緯創,7409.0,1114.0,1262.0
109,3231,緯創,8803.0,1085.0,1269.0
110,3231,緯創,9674.0,1101.0,1292.0
111,3231,緯創,10678.0,1107.0,1318.0
112,3231,緯創,10797.0,1196.0,1338.0
113,3231,緯創,11128.0,1253.0,1443.0
114,3231,緯創,13999.0,1197.0,1499.0
107,3236,千如,158.0,,698.0
108,3236,千如,162.0,504.0,584.0
109,3236,千如,162.0,526.0,639.0
110,3236,千如,175.0,571.0,685.0
111,3236,千如,208.0,587.0,767.0
112,3236,千如,202.0,522.0,623.0
113,3236,千如,189.0,514.0,631.0
114,3236,千如,175.0,503.0,641.0
107,3257,虹冠電,65.0,,1076.0
108,3257,虹冠電,65.0,855.0,1134.0
109,3257,虹冠電,67.0,1128.0,1280.0
110,3257,虹冠電,68.0,1196.0,1303.0
111,3257,虹冠電,64.0,942.0,1117.0
112,3257,虹冠電,60.0,1156.0,1379.0
113,3257,虹冠電,63.0,1029.0,1266.0
114,3257,虹冠電,60.0,1158.0,1491.0
107,3259,鑫創,132.0,,1084.0
108,3259,鑫創,139.0,952.0,1088.0
109,3259,鑫創,135.0,967.0,1122.0
110,3259,鑫創,120.0,964.0,1041.0
111,3259,鑫創,113.0,997.0,1064.0
112,3259,鑫創,106.0,1163.0,1200.0
113,3259,鑫創,91.0,1091.0,1162.0
114,3259,鑫創,96.0,1098.0,1162.0
107,3260,威剛,572.0,,1123.0
108,3260,威剛,601.0,961.0,1140.0
109,3260,威剛,590.0,1082.0,1361.0
110,3260,威剛,606.0,1138.0,1412.0
111,3260,威剛,619.0,1066.0,1298.0
112,3260,威剛,645.0,1086.0,1309.0
113,3260,威剛,636.0,1195.0,1880.0
114,3260,威剛,601.0,1459.0,1946.0
107,3264,欣銓,1360.0,,882.0
108,3264,欣銓,1373.0,677.0,811.0
109,3264,欣銓,1375.0,767.0,935.0
110,3264,欣銓,1423.0,836.0,1044.0
111,3264,欣銓,1503.0,944.0,1203.0
112,3264,欣銓,1647.0,862.0,1064.0
113,3264,欣銓,1604.0,781.0,984.0
114,3264,欣銓,1577.0,889.0,1116.0
107,3265,台星科,303.0,,766.0
108,3265,台星科,296.0,680.0,823.0
109,3265,台星科,293.0,660.0,773.0
110,3265,台星科,307.0,712.0,849.0
111,3265,台星科,335.0,768.0,972.0
112,3265,台星科,366.0,675.0,862.0
113,3265,台星科,367.0,687.0,892.0
114,3265,台星科,336.0,730.0,994.0
107,3268,海德威,34.0,,611.0
108,3268,海德威,29.0,552.0,592.0
109,3268,海德威,34.0,459.0,508.0
110,3268,海德威,32.0,625.0,731.0
111,3268,海德威,33.0,658.0,740.0
112,3268,海德威,33.0,621.0,644.0
113,3268,海德威,35.0,660.0,676.0
114,3268,海德威,34.0,653.0,672.0
107,3272,東碩,169.0,,868.0
108,3272,東碩,166.0,814.0,850.0
109,3272,東碩,212.0,734.0,804.0
110,3272,東碩,263.0,549.0,621.0
111,3272,東碩,300.0,607.0,752.0
112,3272,東碩,334.0,595.0,683.0
113,3272,東碩,316.0,631.0,721.0
114,3272,東碩,308.0,650.0,698.0
107,3276,宇環,122.0,,742.0
108,3276,宇環,5.0,991.0,917.0
109,3276,宇環,3.0,1124.0,1108.0
110,3276,宇環,3.0,1409.0,1389.0
111,3276,宇環,3.0,1029.0,1026.0
112,3276,宇環,3.0,1082.0,969.0
113,3276,宇環,3.0,777.0,765.0
114,3276,宇環,10.0,651.0,713.0
107,3287,廣寰科,23.0,,556.0
108,3287,廣寰科,16.0,511.0,564.0
109,3287,廣寰科,13.0,590.0,662.0
110,3287,廣寰科,10.0,543.0,689.0
111,3287,廣寰科,8.0,499.0,722.0
112,3287,廣寰科,7.0,589.0,662.0
113,3287,廣寰科,6.0,648.0,747.0
114,3287,廣寰科,16.0,612.0,726.0
107,3288,點晶,16.0,,751.0
108,3288,點晶,16.0,417.0,761.0
109,3288,點晶,14.0,545.0,792.0
110,3288,點晶,15.0,451.0,857.0
111,3288,點晶,13.0,439.0,841.0
112,3288,點晶,13.0,484.0,855.0
113,3288,點晶,13.0,502.0,1055.0
114,3288,點晶,16.0,597.0,911.0
107,3290,東浦,11.0,,879.0
108,3290,東浦,15.0,720.0,788.0
109,3290,東浦,31.0,550.0,671.0
110,3290,東浦,52.0,519.0,673.0
111,3290,東浦,72.0,480.0,617.0
112,3290,東浦,77.0,519.0,630.0
113,3290,東浦,78.0,552.0,652.0
114,3290,東浦,85.0,575.0,707.0
107,3294,英濟,195.0,,887.0
108,3294,英濟,204.0,786.0,903.0
109,3294,英濟,205.0,772.0,941.0
110,3294,英濟,273.0,702.0,882.0
111,3294,英濟,319.0,626.0,779.0
112,3294,英濟,306.0,669.0,810.0
113,3294,英濟,360.0,645.0,796.0
114,3294,英濟,293.0,786.0,961.0
107,3296,勝德,140.0,,706.0
108,3296,勝德,122.0,674.0,717.0
109,3296,勝德,120.0,657.0,714.0
110,3296,勝德,120.0,667.0,722.0
111,3296,勝德,109.0,655.0,693.0
112,3296,勝德,107.0,614.0,666.0
113,3296,勝德,100.0,596.0,686.0
114,3296,勝德,93.0,628.0,731.0
107,3297,杭特,164.0,,545.0
108,3297,杭特,152.0,469.0,544.0
110,3297,杭特,136.0,491.0,581.0
111,3297,杭特,133.0,489.0,588.0
112,3297,杭特,137.0,483.0,585.0
113,3297,杭特,135.0,523.0,620.0
114,3297,杭特,138.0,536.0,645.0
107,3308,聯德,45.0,,622.0
108,3308,聯德,34.0,510.0,619.0
109,3308,聯德,20.0,478.0,560.0
110,3308,聯德,23.0,643.0,639.0
111,3308,聯德,9.0,540.0,662.0
112,3308,聯德,12.0,3749.0,3581.0
113,3308,聯德,10.0,603.0,704.0
114,3308,聯德,10.0,684.0,699.0
107,3310,佳穎,85.0,,492.0
108,3310,佳穎,91.0,450.0,546.0
109,3310,佳穎,91.0,458.0,542.0
110,3310,佳穎,88.0,531.0,620.0
111,3310,佳穎,81.0,525.0,627.0
112,3310,佳穎,82.0,556.0,643.0
113,3310,佳穎,86.0,601.0,668.0
114,3310,佳穎,83.0,612.0,706.0
107,3317,尼克森,135.0,,1020.0
108,3317,尼克森,128.0,845.0,1100.0
109,3317,尼克森,127.0,910.0,1117.0
110,3317,尼克森,126.0,1084.0,1471.0
111,3317,尼克森,121.0,1215.0,1515.0
112,3317,尼克森,120.0,971.0,1171.0
113,3317,尼克森,119.0,982.0,1189.0
114,3317,尼克森,123.0,952.0,1115.0
107,3321,同泰,636.0,,487.0
108,3321,同泰,563.0,380.0,450.0
109,3321,同泰,508.0,445.0,502.0
110,3321,同泰,476.0,479.0,535.0
111,3321,同泰,461.0,458.0,514.0
112,3321,同泰,452.0,482.0,534.0
113,3321,同泰,455.0,551.0,594.0
114,3321,同泰,441.0,535.0,576.0
107,3322,建舜電,61.0,,905.0
108,3322,建舜電,57.0,772.0,828.0
109,3322,建舜電,55.0,775.0,892.0
110,3322,建舜電,57.0,860.0,977.0
111,3322,建舜電,54.0,746.0,917.0
112,3322,建舜電,59.0,755.0,964.0
113,3322,建舜電,62.0,761.0,921.0
114,3322,建舜電,70.0,655.0,842.0
107,3323,加百裕,228.0,,739.0
108,3323,加百裕,273.0,559.0,714.0
109,3323,加百裕,297.0,545.0,698.0
110,3323,加百裕,319.0,515.0,731.0
111,3323,加百裕,334.0,526.0,738.0
112,3323,加百裕,319.0,624.0,759.0
113,3323,加百裕,291.0,650.0,801.0
114,3323,加百裕,283.0,616.0,822.0
107,3325,旭品,26.0,,575.0
108,3325,旭品,28.0,481.0,538.0
109,3325,旭品,26.0,533.0,586.0
110,3325,旭品,27.0,755.0,815.0
111,3325,旭品,25.0,516.0,549.0
112,3325,旭品,24.0,507.0,547.0
113,3325,旭品,27.0,496.0,551.0
114,3325,旭品,28.0,537.0,603.0
107,3332,幸康,331.0,,532.0
108,3332,幸康,292.0,443.0,551.0
109,3332,幸康,265.0,531.0,628.0
110,3332,幸康,273.0,560.0,673.0
111,3332,幸康,266.0,703.0,805.0
112,3332,幸康,273.0,641.0,761.0
113,3332,幸康,273.0,642.0,722.0
114,3332,幸康,277.0,722.0,855.0
107,3338,泰碩,90.0,,834.0
108,3338,泰碩,70.0,885.0,951.0
109,3338,泰碩,82.0,736.0,811.0
110,3338,泰碩,75.0,783.0,866.0
111,3338,泰碩,71.0,728.0,816.0
112,3338,泰碩,66.0,797.0,903.0
113,3338,泰碩,66.0,909.0,1040.0
114,3338,泰碩,72.0,834.0,952.0
107,3339,泰谷,222.0,,453.0
108,3339,泰谷,192.0,414.0,488.0
110,3339,泰谷,202.0,461.0,541.0
111,3339,泰谷,173.0,423.0,497.0
112,3339,泰谷,135.0,467.0,557.0
113,3339,泰谷,151.0,508.0,597.0
114,3339,泰谷,149.0,501.0,594.0
110,3349,寶德,47.0,774.0,853.0
111,3349,寶德,47.0,792.0,875.0
112,3349,寶德,38.0,822.0,856.0
113,3349,寶德,39.0,829.0,830.0
114,3349,寶德,32.0,818.0,824.0
107,3354,律勝,63.0,,626.0
108,3354,律勝,60.0,521.0,624.0
109,3354,律勝,68.0,462.0,522.0
110,3354,律勝,64.0,471.0,592.0
111,3354,律勝,59.0,486.0,581.0
112,3354,律勝,61.0,530.0,654.0
113,3354,律勝,63.0,550.0,643.0
114,3354,律勝,57.0,569.0,683.0
107,3356,奇偶,219.0,,856.0
108,3356,奇偶,184.0,806.0,882.0
109,3356,奇偶,183.0,793.0,934.0
110,3356,奇偶,156.0,848.0,947.0
111,3356,奇偶,155.0,893.0,1006.0
112,3356,奇偶,145.0,894.0,980.0
113,3356,奇偶,146.0,936.0,997.0
114,3356,奇偶,141.0,975.0,1037.0
109,3357,臺慶科,389.0,647.0,746.0
110,3357,臺慶科,445.0,788.0,918.0
111,3357,臺慶科,508.0,663.0,798.0
112,3357,臺慶科,478.0,580.0,680.0
113,3357,臺慶科,463.0,683.0,793.0
114,3357,臺慶科,448.0,735.0,894.0
107,3362,先進光,478.0,,536.0
108,3362,先進光,521.0,455.0,514.0
110,3362,先進光,578.0,487.0,557.0
111,3362,先進光,612.0,513.0,575.0
112,3362,先進光,671.0,519.0,576.0
113,3362,先進光,754.0,537.0,587.0
114,3362,先進光,765.0,539.0,603.0
107,3372,典範,858.0,,429.0
108,3372,典範,658.0,434.0,495.0
109,3372,典範,526.0,469.0,535.0
110,3372,典範,492.0,595.0,690.0
111,3372,典範,430.0,517.0,604.0
112,3372,典範,335.0,585.0,636.0
113,3372,典範,368.0,581.0,641.0
114,3372,典範,382.0,615.0,681.0
107,3374,精材,1811.0,,686.0
108,3374,精材,1542.0,612.0,718.0
109,3374,精材,1536.0,669.0,903.0
110,3374,精材,1542.0,679.0,934.0
111,3374,精材,1435.0,736.0,1030.0
112,3374,精材,1413.0,694.0,923.0
113,3374,精材,1344.0,809.0,1080.0
114,3374,精材,1424.0,840.0,1076.0
107,3376,新日興,1589.0,,536.0
108,3376,新日興,1556.0,469.0,581.0
109,3376,新日興,1840.0,535.0,633.0
110,3376,新日興,2074.0,388.0,575.0
111,3376,新日興,1737.0,566.0,634.0
112,3376,新日興,1713.0,535.0,602.0
113,3376,新日興,1789.0,577.0,664.0
114,3376,新日興,1962.0,565.0,628.0
107,3388,崇越電,95.0,,1391.0
108,3388,崇越電,90.0,1113.0,1223.0
109,3388,崇越電,95.0,1201.0,1243.0
110,3388,崇越電,97.0,1318.0,1402.0
111,3388,崇越電,101.0,1336.0,1387.0
112,3388,崇越電,105.0,1195.0,1204.0
113,3388,崇越電,95.0,1326.0,1361.0
114,3388,崇越電,89.0,1402.0,1454.0
107,3390,旭軟,334.0,,479.0
108,3390,旭軟,291.0,389.0,440.0
109,3390,旭軟,285.0,420.0,468.0
110,3390,旭軟,290.0,464.0,512.0
111,3390,旭軟,284.0,488.0,556.0
112,3390,旭軟,286.0,477.0,542.0
113,3390,旭軟,299.0,512.0,577.0
114,3390,旭軟,294.0,519.0,570.0
107,3406,玉晶光,344.0,,756.0
108,3406,玉晶光,306.0,751.0,907.0
109,3406,玉晶光,412.0,809.0,974.0
110,3406,玉晶光,524.0,717.0,879.0
111,3406,玉晶光,877.0,708.0,889.0
112,3406,玉晶光,951.0,610.0,772.0
113,3406,玉晶光,819.0,666.0,862.0
114,3406,玉晶光,630.0,723.0,888.0
107,3413,京鼎,316.0,,1117.0
108,3413,京鼎,303.0,906.0,1090.0
109,3413,京鼎,299.0,1016.0,1204.0
110,3413,京鼎,257.0,1093.0,1249.0
111,3413,京鼎,278.0,1222.0,1512.0
112,3413,京鼎,292.0,1280.0,1370.0
113,3413,京鼎,348.0,1351.0,1518.0
114,3413,京鼎,410.0,1271.0,1513.0
107,3416,融程電,301.0,,666.0
108,3416,融程電,322.0,565.0,678.0
109,3416,融程電,322.0,599.0,727.0
110,3416,融程電,337.0,593.0,727.0
111,3416,融程電,321.0,690.0,829.0
112,3416,融程電,349.0,703.0,833.0
113,3416,融程電,392.0,737.0,853.0
114,3416,融程電,403.0,769.0,908.0
107,3432,台端,16.0,,819.0
108,3432,台端,11.0,648.0,721.0
109,3432,台端,10.0,622.0,753.0
110,3432,台端,8.0,651.0,822.0
111,3432,台端,8.0,708.0,753.0
112,3432,台端,8.0,630.0,726.0
113,3432,台端,10.0,634.0,775.0
114,3432,台端,20.0,647.0,729.0
107,3434,哲固,110.0,,564.0
108,3434,哲固,102.0,518.0,623.0
110,3434,哲固,104.0,562.0,628.0
111,3434,哲固,103.0,594.0,686.0
112,3434,哲固,104.0,543.0,642.0
113,3434,哲固,102.0,623.0,761.0
114,3434,哲固,105.0,621.0,724.0
107,3437,榮創,1319.0,,601.0
108,3437,榮創,1079.0,528.0,619.0
109,3437,榮創,987.0,570.0,648.0
110,3437,榮創,859.0,569.0,662.0
111,3437,榮創,810.0,576.0,660.0
112,3437,榮創,652.0,549.0,652.0
113,3437,榮創,673.0,562.0,680.0
114,3437,榮創,611.0,559.0,674.0
107,3438,類比科,122.0,,1169.0
108,3438,類比科,152.0,999.0,1193.0
109,3438,類比科,144.0,1204.0,1394.0
110,3438,類比科,136.0,1544.0,1747.0
111,3438,類比科,124.0,1494.0,1658.0
112,3438,類比科,122.0,1320.0,1471.0
113,3438,類比科,117.0,1547.0,1713.0
114,3438,類比科,116.0,1646.0,1798.0
107,3441,聯一光電,16.0,,493.0
108,3441,聯一光電,14.0,537.0,550.0
110,3441,聯一光電,16.0,577.0,582.0
111,3441,聯一光電,18.0,579.0,592.0
112,3441,聯一光電,17.0,580.0,589.0
113,3441,聯一光電,17.0,583.0,587.0
114,3441,聯一光電,16.0,585.0,600.0
107,3443,創意,513.0,,2201.0
108,3443,創意,565.0,1756.0,2125.0
109,3443,創意,601.0,1705.0,2036.0
110,3443,創意,644.0,1856.0,2237.0
111,3443,創意,646.0,2163.0,2706.0
112,3443,創意,669.0,2598.0,3134.0
113,3443,創意,668.0,2559.0,3160.0
114,3443,創意,674.0,2576.0,3180.0
107,3450,聯鈞,725.0,,631.0
108,3450,聯鈞,651.0,526.0,593.0
109,3450,聯鈞,641.0,582.0,644.0
110,3450,聯鈞,681.0,575.0,648.0
111,3450,聯鈞,593.0,529.0,619.0
112,3450,聯鈞,489.0,496.0,583.0
113,3450,聯鈞,485.0,627.0,852.0
114,3450,聯鈞,546.0,673.0,865.0
110,3454,晶睿,918.0,721.0,909.0
111,3454,晶睿,902.0,1014.0,1194.0
112,3454,晶睿,1087.0,953.0,1076.0
113,3454,晶睿,1022.0,1034.0,1144.0
107,3455,由田,319.0,,1127.0
108,3455,由田,349.0,903.0,1111.0
110,3455,由田,284.0,1013.0,1211.0
111,3455,由田,306.0,1056.0,1227.0
112,3455,由田,301.0,937.0,1091.0
113,3455,由田,290.0,976.0,1104.0
114,3455,由田,261.0,1151.0,1333.0
110,3465,進泰電子,20.0,900.0,1252.0
111,3465,進泰電子,19.0,678.0,844.0
113,3467,台灣精材,166.0,579.0,626.0
114,3467,台灣精材,182.0,560.0,605.0
107,3479,安勤,259.0,,912.0
108,3479,安勤,280.0,926.0,1120.0
109,3479,安勤,302.0,764.0,832.0
110,3479,安勤,286.0,856.0,955.0
111,3479,安勤,284.0,997.0,1160.0
112,3479,安勤,286.0,1026.0,1181.0
113,3479,安勤,304.0,979.0,1110.0
114,3479,安勤,324.0,1006.0,1148.0
107,3481,群創,30193.0,,764.0
108,3481,群創,28507.0,626.0,739.0
109,3481,群創,27011.0,675.0,893.0
110,3481,群創,26399.0,747.0,1122.0
111,3481,群創,25080.0,709.0,892.0
112,3481,群創,22830.0,724.0,897.0
113,3481,群創,20450.0,785.0,1008.0
114,3481,群創,17741.0,849.0,1047.0
107,3483,力致,149.0,,627.0
108,3483,力致,135.0,556.0,601.0
109,3483,力致,128.0,682.0,732.0
110,3483,力致,156.0,728.0,778.0
111,3483,力致,146.0,774.0,846.0
112,3483,力致,181.0,844.0,923.0
113,3483,力致,192.0,885.0,1031.0
114,3483,力致,213.0,844.0,1032.0
107,3484,崧騰,214.0,,765.0
108,3484,崧騰,220.0,702.0,831.0
109,3484,崧騰,194.0,762.0,886.0
110,3484,崧騰,190.0,927.0,1111.0
111,3484,崧騰,204.0,827.0,975.0
112,3484,崧騰,204.0,763.0,861.0
113,3484,崧騰,189.0,929.0,1046.0
114,3484,崧騰,212.0,878.0,977.0
107,3490,單井,112.0,,772.0
108,3490,單井,109.0,661.0,724.0
110,3490,單井,108.0,774.0,895.0
111,3490,單井,109.0,675.0,872.0
112,3490,單井,102.0,719.0,802.0
113,3490,單井,95.0,740.0,810.0
114,3490,單井,88.0,727.0,782.0
107,3492,長盛,41.0,,747.0
108,3492,長盛,42.0,772.0,780.0
109,3492,長盛,45.0,766.0,758.0
110,3492,長盛,42.0,776.0,811.0
111,3492,長盛,42.0,911.0,888.0
112,3492,長盛,41.0,854.0,883.0
113,3492,長盛,40.0,900.0,935.0
114,3492,長盛,42.0,985.0,997.0
107,3494,誠研,218.0,,689.0
108,3494,誠研,212.0,438.0,606.0
109,3494,誠研,219.0,497.0,524.0
110,3494,誠研,176.0,476.0,610.0
111,3494,誠研,168.0,424.0,617.0
112,3494,誠研,184.0,431.0,589.0
113,3494,誠研,177.0,453.0,603.0
114,3494,誠研,194.0,452.0,603.0
107,3501,維熹,248.0,,631.0
108,3501,維熹,288.0,410.0,528.0
109,3501,維熹,266.0,445.0,559.0
110,3501,維熹,260.0,475.0,564.0
111,3501,維熹,267.0,492.0,662.0
112,3501,維熹,250.0,404.0,557.0
113,3501,維熹,225.0,488.0,701.0
114,3501,維熹,244.0,578.0,686.0
107,3504,揚明光,819.0,,792.0
108,3504,揚明光,880.0,596.0,748.0
109,3504,揚明光,840.0,581.0,731.0
110,3504,揚明光,821.0,622.0,739.0
111,3504,揚明光,918.0,571.0,742.0
112,3504,揚明光,896.0,569.0,728.0
113,3504,揚明光,760.0,590.0,763.0
114,3504,揚明光,717.0,556.0,773.0
107,3511,矽瑪,76.0,,915.0
108,3511,矽瑪,58.0,635.0,645.0
109,3511,矽瑪,54.0,824.0,949.0
110,3511,矽瑪,49.0,851.0,881.0
111,3511,矽瑪,50.0,765.0,922.0
112,3511,矽瑪,59.0,898.0,1167.0
113,3511,矽瑪,55.0,859.0,1001.0
114,3511,矽瑪,52.0,824.0,956.0
107,3515,華擎,319.0,,1107.0
108,3515,華擎,298.0,1068.0,1157.0
109,3515,華擎,308.0,1519.0,1687.0
110,3515,華擎,294.0,1937.0,2277.0
111,3515,華擎,307.0,1358.0,1615.0
112,3515,華擎,302.0,1429.0,1624.0
113,3515,華擎,310.0,1527.0,1746.0
114,3515,華擎,316.0,1704.0,1945.0
107,3516,亞帝歐,85.0,,441.0
108,3516,亞帝歐,76.0,416.0,482.0
110,3516,亞帝歐,62.0,436.0,518.0
111,3516,亞帝歐,65.0,435.0,518.0
112,3516,亞帝歐,60.0,429.0,497.0
113,3516,亞帝歐,68.0,445.0,525.0
114,3516,亞帝歐,65.0,509.0,561.0
107,3520,華盈,17.0,,647.0
108,3520,華盈,16.0,443.0,578.0
109,3520,華盈,14.0,507.0,607.0
110,3520,華盈,18.0,586.0,672.0
111,3520,華盈,17.0,643.0,708.0
112,3520,華盈,16.0,687.0,774.0
113,3520,華盈,19.0,667.0,756.0
114,3520,華盈,24.0,724.0,799.0
110,3521,鴻翊,61.0,539.0,608.0
111,3521,鴻翊,57.0,585.0,665.0
112,3521,鴻翊,69.0,606.0,677.0
107,3523,迎輝,63.0,,563.0
108,3523,迎輝,57.0,548.0,589.0
110,3523,迎輝,89.0,535.0,581.0
111,3523,迎輝,76.0,555.0,594.0
112,3523,迎輝,79.0,573.0,612.0
113,3523,迎輝,75.0,545.0,605.0
114,3523,迎輝,60.0,538.0,581.0
107,3526,凡甲,76.0,,1155.0
108,3526,凡甲,75.0,1028.0,1223.0
109,3526,凡甲,75.0,1106.0,1329.0
110,3526,凡甲,78.0,1227.0,1394.0
111,3526,凡甲,73.0,1291.0,1455.0
112,3526,凡甲,72.0,1359.0,1475.0
113,3526,凡甲,69.0,1638.0,1865.0
114,3526,凡甲,70.0,1755.0,1943.0
107,3527,聚積,182.0,,1625.0
108,3527,聚積,203.0,1375.0,1521.0
109,3527,聚積,216.0,1392.0,1266.0
110,3527,聚積,220.0,1566.0,1925.0
111,3527,聚積,231.0,1348.0,1623.0
112,3527,聚積,230.0,1302.0,1492.0
113,3527,聚積,200.0,1259.0,1459.0
114,3527,聚積,188.0,1332.0,1528.0
107,3529,力旺,230.0,,2020.0
108,3529,力旺,236.0,1731.0,1850.0
109,3529,力旺,241.0,1935.0,2178.0
110,3529,力旺,252.0,2287.0,2507.0
111,3529,力旺,259.0,2689.0,2958.0
112,3529,力旺,280.0,2264.0,2576.0
113,3529,力旺,294.0,2718.0,3133.0
114,3529,力旺,296.0,2689.0,3173.0
107,3530,晶相光,46.0,,1694.0
108,3530,晶相光,48.0,1179.0,1421.0
109,3530,晶相光,50.0,1189.0,1329.0
110,3530,晶相光,53.0,1172.0,1539.0
111,3530,晶相光,52.0,1999.0,2777.0
112,3530,晶相光,53.0,1271.0,1527.0
113,3530,晶相光,56.0,1107.0,1330.0
114,3530,晶相光,60.0,1130.0,1276.0
107,3531,先益,71.0,,890.0
108,3531,先益,92.0,660.0,810.0
110,3531,先益,95.0,662.0,790.0
111,3531,先益,105.0,682.0,798.0
112,3531,先益,110.0,662.0,783.0
113,3531,先益,105.0,564.0,680.0
114,3531,先益,99.0,571.0,651.0
107,3532,台勝科,1295.0,,1110.0
108,3532,台勝科,1297.0,1022.0,1080.0
109,3532,台勝科,1301.0,1011.0,1073.0
110,3532,台勝科,1341.0,1198.0,1257.0
111,3532,台勝科,1399.0,1094.0,1145.0
112,3532,台勝科,1458.0,1039.0,1087.0
113,3532,台勝科,1448.0,1083.0,1130.0
114,3532,台勝科,1446.0,1122.0,1166.0
107,3533,嘉澤,80.0,,1168.0
108,3533,嘉澤,81.0,1002.0,1184.0
109,3533,嘉澤,89.0,1007.0,1219.0
110,3533,嘉澤,96.0,1185.0,1437.0
111,3533,嘉澤,96.0,1178.0,1478.0
112,3533,嘉澤,96.0,1578.0,1899.0
113,3533,嘉澤,99.0,1265.0,1658.0
114,3533,嘉澤,109.0,1381.0,1813.0
107,3535,晶彩科,221.0,,815.0
108,3535,晶彩科,221.0,797.0,880.0
109,3535,晶彩科,217.0,691.0,765.0
110,3535,晶彩科,201.0,750.0,855.0
111,3535,晶彩科,206.0,905.0,1066.0
112,3535,晶彩科,184.0,774.0,909.0
113,3535,晶彩科,169.0,866.0,978.0
114,3535,晶彩科,168.0,892.0,1012.0
107,3537,堡達,47.0,,848.0
108,3537,堡達,48.0,802.0,874.0
109,3537,堡達,49.0,866.0,919.0
110,3537,堡達,48.0,921.0,1019.0
111,3537,堡達,47.0,947.0,1039.0
112,3537,堡達,45.0,917.0,1048.0
113,3537,堡達,48.0,979.0,1076.0
114,3537,堡達,48.0,991.0,1057.0
107,3540,曜越,172.0,,832.0
108,3540,曜越,164.0,746.0,859.0
109,3540,曜越,179.0,971.0,1139.0
110,3540,曜越,183.0,793.0,939.0
111,3540,曜越,178.0,652.0,785.0
112,3540,曜越,190.0,694.0,842.0
113,3540,曜越,195.0,635.0,750.0
114,3540,曜越,186.0,744.0,870.0
109,3543,州巧,337.0,517.0,622.0
110,3543,州巧,368.0,566.0,675.0
111,3543,州巧,329.0,574.0,672.0
112,3543,州巧,309.0,609.0,714.0
113,3543,州巧,333.0,642.0,751.0
114,3543,州巧,345.0,669.0,753.0
107,3545,敦泰,362.0,,1622.0
108,3545,敦泰,356.0,1360.0,1534.0
109,3545,敦泰,334.0,1740.0,2018.0
110,3545,敦泰,362.0,1963.0,2679.0
111,3545,敦泰,410.0,1536.0,1897.0
112,3545,敦泰,392.0,1546.0,1833.0
113,3545,敦泰,426.0,1954.0,2239.0
114,3545,敦泰,438.0,1612.0,1820.0
107,3548,兆利,417.0,,606.0
108,3548,兆利,436.0,453.0,620.0
109,3548,兆利,446.0,440.0,589.0
110,3548,兆利,480.0,493.0,580.0
111,3548,兆利,489.0,447.0,610.0
112,3548,兆利,456.0,471.0,631.0
113,3548,兆利,544.0,553.0,692.0
114,3548,兆利,620.0,511.0,604.0
107,3550,聯穎,40.0,,936.0
108,3550,聯穎,40.0,822.0,885.0
109,3550,聯穎,49.0,737.0,779.0
110,3550,聯穎,53.0,745.0,813.0
111,3550,聯穎,53.0,738.0,852.0
112,3550,聯穎,56.0,725.0,863.0
113,3550,聯穎,38.0,800.0,890.0
114,3550,聯穎,34.0,897.0,980.0
107,3555,博士旺,15.0,,883.0
108,3555,博士旺,16.0,729.0,874.0
109,3555,博士旺,16.0,740.0,863.0
110,3555,博士旺,16.0,796.0,825.0
111,3555,博士旺,16.0,788.0,918.0
112,3555,博士旺,5.0,841.0,860.0
113,3555,博士旺,6.0,1173.0,1174.0
114,3555,博士旺,9.0,1020.0,1149.0
107,3556,禾瑞亞,163.0,,1155.0
108,3556,禾瑞亞,162.0,967.0,1213.0
109,3556,禾瑞亞,164.0,994.0,1244.0
110,3556,禾瑞亞,165.0,1233.0,1517.0
111,3556,禾瑞亞,160.0,1148.0,1482.0
112,3556,禾瑞亞,160.0,919.0,1077.0
113,3556,禾瑞亞,157.0,1026.0,1261.0
114,3556,禾瑞亞,152.0,1106.0,1302.0
107,3563,牧德,183.0,,1524.0
108,3563,牧德,226.0,912.0,1148.0
109,3563,牧德,292.0,819.0,938.0
110,3563,牧德,265.0,943.0,1157.0
111,3563,牧德,257.0,883.0,1024.0
112,3563,牧德,257.0,946.0,1082.0
113,3563,牧德,253.0,948.0,1099.0
114,3563,牧德,291.0,1222.0,1431.0
107,3567,逸昌,133.0,,601.0
108,3567,逸昌,140.0,477.0,569.0
109,3567,逸昌,129.0,517.0,608.0
110,3567,逸昌,132.0,538.0,634.0
111,3567,逸昌,132.0,527.0,624.0
112,3567,逸昌,126.0,524.0,652.0
113,3567,逸昌,129.0,521.0,609.0
114,3567,逸昌,127.0,540.0,608.0
107,3576,聯合再生,2005.0,,682.0
108,3576,聯合再生,2475.0,525.0,688.0
109,3576,聯合再生,1703.0,552.0,668.0
110,3576,聯合再生,1695.0,450.0,665.0
111,3576,聯合再生,1799.0,526.0,673.0
112,3576,聯合再生,1489.0,549.0,687.0
113,3576,聯合再生,1121.0,608.0,716.0
114,3576,聯合再生,841.0,630.0,789.0
107,3577,泓格,306.0,,679.0
108,3577,泓格,327.0,557.0,664.0
109,3577,泓格,323.0,586.0,677.0
110,3577,泓格,309.0,636.0,795.0
111,3577,泓格,340.0,693.0,837.0
112,3577,泓格,377.0,669.0,739.0
113,3577,泓格,360.0,655.0,795.0
114,3577,泓格,351.0,713.0,853.0
107,3581,博磊,130.0,,838.0
108,3581,博磊,121.0,706.0,798.0
109,3581,博磊,115.0,694.0,830.0
110,3581,博磊,113.0,791.0,912.0
111,3581,博磊,128.0,803.0,941.0
112,3581,博磊,121.0,773.0,911.0
113,3581,博磊,115.0,791.0,917.0
114,3581,博磊,102.0,847.0,939.0
107,3583,辛耘,504.0,,790.0
108,3583,辛耘,528.0,666.0,777.0
109,3583,辛耘,527.0,707.0,821.0
110,3583,辛耘,544.0,749.0,884.0
111,3583,辛耘,587.0,817.0,975.0
112,3583,辛耘,606.0,886.0,999.0
113,3583,辛耘,681.0,929.0,1065.0
114,3583,辛耘,817.0,948.0,1122.0
107,3588,通嘉,133.0,,1336.0
108,3588,通嘉,131.0,1214.0,1313.0
109,3588,通嘉,139.0,1381.0,1465.0
110,3588,通嘉,153.0,1526.0,1715.0
111,3588,通嘉,161.0,1474.0,1645.0
112,3588,通嘉,154.0,1412.0,1479.0
113,3588,通嘉,143.0,1503.0,1582.0
114,3588,通嘉,145.0,1513.0,1545.0
107,3591,艾笛森,190.0,,589.0
108,3591,艾笛森,173.0,451.0,589.0
109,3591,艾笛森,144.0,443.0,580.0
110,3591,艾笛森,147.0,505.0,634.0
111,3591,艾笛森,135.0,482.0,652.0
112,3591,艾笛森,139.0,556.0,727.0
113,3591,艾笛森,143.0,570.0,748.0
114,3591,艾笛森,156.0,662.0,772.0
111,3592,瑞鼎,729.0,3719.0,4866.0
112,3592,瑞鼎,790.0,2139.0,2556.0
113,3592,瑞鼎,860.0,2612.0,3413.0
114,3592,瑞鼎,938.0,2288.0,2896.0
107,3593,力銘,12.0,,720.0
108,3593,力銘,14.0,743.0,664.0
109,3593,力銘,11.0,579.0,648.0
110,3593,力銘,14.0,643.0,653.0
111,3593,力銘,12.0,680.0,682.0
112,3593,力銘,8.0,567.0,612.0
113,3593,力銘,8.0,657.0,643.0
114,3593,力銘,6.0,663.0,706.0
107,3594,磐儀,202.0,,691.0
108,3594,磐儀,208.0,591.0,691.0
109,3594,磐儀,203.0,586.0,683.0
110,3594,磐儀,182.0,605.0,710.0
111,3594,磐儀,164.0,642.0,777.0
112,3594,磐儀,170.0,668.0,772.0
113,3594,磐儀,169.0,681.0,793.0
114,3594,磐儀,177.0,688.0,815.0
108,3597,映興,140.0,393.0,464.0
109,3597,映興,143.0,419.0,478.0
110,3597,映興,146.0,409.0,490.0
111,3597,映興,132.0,460.0,548.0
112,3597,映興,135.0,433.0,500.0
113,3597,映興,125.0,492.0,531.0
114,3597,映興,130.0,492.0,560.0
107,3605,宏致,348.0,,755.0
108,3605,宏致,383.0,640.0,783.0
109,3605,宏致,425.0,653.0,797.0
110,3605,宏致,514.0,634.0,823.0
111,3605,宏致,573.0,605.0,796.0
112,3605,宏致,610.0,583.0,740.0
113,3605,宏致,611.0,622.0,747.0
114,3605,宏致,710.0,675.0,814.0
107,3607,谷崧,154.0,,633.0
108,3607,谷崧,145.0,552.0,632.0
109,3607,谷崧,116.0,511.0,621.0
110,3607,谷崧,109.0,545.0,611.0
111,3607,谷崧,70.0,478.0,564.0
112,3607,谷崧,67.0,463.0,596.0
113,3607,谷崧,66.0,383.0,548.0
114,3607,谷崧,42.0,475.0,639.0
107,3609,三一東林,74.0,,650.0
108,3609,三一東林,66.0,608.0,660.0
109,3609,三一東林,61.0,608.0,676.0
110,3609,三一東林,62.0,578.0,654.0
111,3609,三一東林,66.0,584.0,669.0
112,3609,三一東林,40.0,569.0,683.0
113,3609,三一東林,33.0,640.0,706.0
114,3609,三一東林,31.0,688.0,772.0
107,3611,鼎翰,271.0,,744.0
108,3611,鼎翰,268.0,604.0,760.0
109,3611,鼎翰,274.0,577.0,731.0
110,3611,鼎翰,282.0,652.0,801.0
111,3611,鼎翰,319.0,690.0,887.0
112,3611,鼎翰,327.0,683.0,863.0
113,3611,鼎翰,350.0,648.0,824.0
114,3611,鼎翰,327.0,753.0,948.0
107,3615,安可,234.0,,515.0
108,3615,安可,138.0,422.0,569.0
110,3615,安可,110.0,529.0,671.0
111,3615,安可,98.0,534.0,624.0
112,3615,安可,85.0,665.0,804.0
113,3615,安可,75.0,609.0,872.0
114,3615,安可,63.0,687.0,971.0
107,3622,洋華,127.0,,673.0
108,3622,洋華,132.0,604.0,703.0
109,3622,洋華,130.0,630.0,722.0
110,3622,洋華,128.0,699.0,832.0
111,3622,洋華,129.0,691.0,820.0
112,3622,洋華,138.0,819.0,967.0
113,3622,洋華,142.0,794.0,1009.0
114,3622,洋華,142.0,876.0,1089.0
107,3623,富晶通,190.0,,536.0
108,3623,富晶通,166.0,450.0,492.0
110,3623,富晶通,123.0,539.0,603.0
111,3623,富晶通,125.0,528.0,575.0
112,3623,富晶通,120.0,527.0,581.0
113,3623,富晶通,111.0,540.0,632.0
114,3623,富晶通,93.0,568.0,637.0
107,3624,光頡,589.0,,629.0
108,3624,光頡,641.0,479.0,582.0
109,3624,光頡,647.0,530.0,614.0
110,3624,光頡,685.0,562.0,706.0
111,3624,光頡,726.0,559.0,722.0
112,3624,光頡,779.0,537.0,648.0
113,3624,光頡,750.0,584.0,685.0
114,3624,光頡,752.0,618.0,702.0
107,3625,西勝,71.0,,828.0
108,3625,西勝,50.0,657.0,728.0
109,3625,西勝,75.0,764.0,810.0
110,3625,西勝,120.0,611.0,770.0
111,3625,西勝,134.0,577.0,784.0
112,3625,西勝,105.0,729.0,810.0
113,3625,西勝,84.0,704.0,836.0
114,3625,西勝,114.0,742.0,823.0
107,3630,新鉅科,141.0,,754.0
108,3630,新鉅科,169.0,673.0,764.0
110,3630,新鉅科,295.0,614.0,745.0
111,3630,新鉅科,240.0,637.0,770.0
112,3630,新鉅科,187.0,703.0,803.0
113,3630,新鉅科,161.0,721.0,822.0
114,3630,新鉅科,138.0,800.0,907.0
107,3631,晟楠,5.0,,426.0
108,3631,晟楠,3.0,533.0,545.0
109,3631,晟楠,5.0,531.0,476.0
110,3631,晟楠,2.0,469.0,523.0
111,3631,晟楠,3.0,474.0,429.0
112,3631,晟楠,2.0,499.0,616.0
113,3631,晟楠,3.0,538.0,607.0
114,3631,晟楠,2.0,498.0,437.0
107,3645,達邁,347.0,,793.0
108,3645,達邁,379.0,603.0,635.0
109,3645,達邁,372.0,716.0,796.0
110,3645,達邁,392.0,755.0,827.0
111,3645,達邁,413.0,708.0,778.0
112,3645,達邁,372.0,618.0,657.0
113,3645,達邁,357.0,743.0,826.0
114,3645,達邁,365.0,745.0,819.0
107,3646,艾恩特,8.0,,911.0
108,3646,艾恩特,10.0,740.0,945.0
109,3646,艾恩特,7.0,907.0,1025.0
110,3646,艾恩特,7.0,1013.0,1090.0
111,3646,艾恩特,7.0,1120.0,985.0
112,3646,艾恩特,5.0,940.0,971.0
113,3646,艾恩特,5.0,1026.0,918.0
114,3646,艾恩特,8.0,704.0,638.0
107,3652,精聯,288.0,,755.0
108,3652,精聯,272.0,673.0,761.0
109,3652,精聯,271.0,690.0,766.0
110,3652,精聯,255.0,730.0,808.0
111,3652,精聯,278.0,733.0,836.0
112,3652,精聯,278.0,761.0,867.0
113,3652,精聯,302.0,803.0,866.0
114,3652,精聯,313.0,801.0,872.0
107,3653,健策,991.0,,676.0
108,3653,健策,1127.0,582.0,694.0
109,3653,健策,1291.0,572.0,701.0
110,3653,健策,1413.0,612.0,727.0
111,3653,健策,1526.0,666.0,783.0
112,3653,健策,1610.0,640.0,818.0
113,3653,健策,1674.0,720.0,901.0
114,3653,健策,1825.0,761.0,941.0
107,3666,光耀,255.0,,552.0
108,3666,光耀,235.0,496.0,537.0
110,3666,光耀,235.0,613.0,665.0
111,3666,光耀,221.0,516.0,560.0
112,3666,光耀,191.0,522.0,565.0
113,3666,光耀,150.0,531.0,583.0
114,3666,光耀,143.0,559.0,620.0
107,3675,德微,310.0,,578.0
108,3675,德微,319.0,510.0,593.0
109,3675,德微,325.0,526.0,609.0
110,3675,德微,296.0,566.0,665.0
111,3675,德微,284.0,640.0,722.0
112,3675,德微,298.0,573.0,675.0
113,3675,德微,283.0,613.0,710.0
114,3675,德微,224.0,598.0,734.0
107,3679,新至陞,58.0,,667.0
108,3679,新至陞,58.0,616.0,635.0
109,3679,新至陞,61.0,645.0,663.0
110,3679,新至陞,65.0,615.0,649.0
111,3679,新至陞,69.0,613.0,663.0
112,3679,新至陞,61.0,654.0,717.0
113,3679,新至陞,60.0,694.0,755.0
114,3679,新至陞,60.0,795.0,867.0
107,3680,家登,170.0,,697.0
108,3680,家登,239.0,430.0,700.0
109,3680,家登,274.0,615.0,746.0
110,3680,家登,348.0,629.0,768.0
111,3680,家登,443.0,839.0,1033.0
112,3680,家登,560.0,774.0,891.0
113,3680,家登,564.0,877.0,1040.0
114,3680,家登,620.0,831.0,1077.0
107,3686,達能,114.0,,704.0
108,3686,達能,15.0,750.0,902.0
109,3686,達能,11.0,553.0,758.0
110,3686,達能,10.0,622.0,780.0
111,3686,達能,7.0,893.0,856.0
112,3686,達能,7.0,511.0,908.0
113,3686,達能,7.0,555.0,936.0
114,3686,達能,7.0,981.0,959.0
107,3689,湧德,75.0,,1005.0
108,3689,湧德,81.0,750.0,893.0
109,3689,湧德,81.0,691.0,803.0
110,3689,湧德,79.0,1005.0,1077.0
111,3689,湧德,78.0,1059.0,1154.0
112,3689,湧德,94.0,1005.0,1098.0
113,3689,湧德,102.0,1081.0,1160.0
114,3689,湧德,97.0,1126.0,1259.0
107,3691,碩禾,185.0,,705.0
108,3691,碩禾,185.0,685.0,809.0
110,3691,碩禾,213.0,757.0,913.0
111,3691,碩禾,208.0,673.0,811.0
112,3691,碩禾,215.0,673.0,792.0
113,3691,碩禾,230.0,689.0,811.0
114,3691,碩禾,228.0,692.0,818.0
107,3693,營邦,344.0,,691.0
108,3693,營邦,341.0,604.0,712.0
109,3693,營邦,371.0,604.0,717.0
110,3693,營邦,412.0,631.0,772.0
111,3693,營邦,440.0,950.0,1145.0
112,3693,營邦,531.0,1201.0,1419.0
113,3693,營邦,602.0,1172.0,1384.0
114,3693,營邦,611.0,965.0,1126.0
107,3701,大眾控,253.0,,848.0
108,3701,大眾控,270.0,734.0,846.0
109,3701,大眾控,245.0,710.0,844.0
110,3701,大眾控,294.0,750.0,902.0
111,3701,大眾控,317.0,759.0,889.0
112,3701,大眾控,395.0,828.0,991.0
113,3701,大眾控,422.0,814.0,973.0
114,3701,大眾控,373.0,830.0,986.0
107,3706,神達,1044.0,,1146.0
108,3706,神達,1371.0,996.0,1134.0
109,3706,神達,1644.0,949.0,1073.0
110,3706,神達,1135.0,1001.0,1147.0
111,3706,神達,1171.0,1038.0,1234.0
112,3706,神達,1309.0,990.0,1111.0
113,3706,神達,1230.0,1088.0,1321.0
114,3706,神達,1528.0,1222.0,1554.0
107,3707,漢磊,1525.0,,849.0
108,3707,漢磊,1524.0,689.0,770.0
109,3707,漢磊,1475.0,723.0,807.0
110,3707,漢磊,816.0,806.0,910.0
111,3707,漢磊,828.0,998.0,1139.0
112,3707,漢磊,835.0,835.0,930.0
113,3707,漢磊,804.0,839.0,947.0
114,3707,漢磊,776.0,872.0,1004.0
107,3709,鑫聯大投控,263.0,,682.0
108,3709,鑫聯大投控,271.0,613.0,715.0
109,3709,鑫聯大投控,274.0,621.0,732.0
110,3709,鑫聯大投控,281.0,620.0,737.0
111,3709,鑫聯大投控,287.0,616.0,738.0
112,3709,鑫聯大投控,295.0,598.0,744.0
113,3709,鑫聯大投控,282.0,657.0,794.0
114,3709,鑫聯大投控,270.0,695.0,837.0
107,3710,連展投控,124.0,,626.0
108,3710,連展投控,146.0,728.0,839.0
109,3710,連展投控,129.0,736.0,834.0
110,3710,連展投控,130.0,771.0,895.0
111,3710,連展投控,132.0,758.0,839.0
112,3710,連展投控,117.0,738.0,842.0
113,3710,連展投控,102.0,773.0,849.0
114,3710,連展投控,96.0,784.0,871.0
107,3711,日月光投控,46885.0,,745.0
108,3711,日月光投控,46493.0,627.0,760.0
109,3711,日月光投控,47753.0,671.0,800.0
110,3711,日月光投控,48013.0,726.0,915.0
111,3711,日月光投控,50061.0,772.0,1001.0
112,3711,日月光投控,52948.0,739.0,929.0
113,3711,日月光投控,51163.0,810.0,976.0
114,3711,日月光投控,56143.0,818.0,1018.0
107,3712,永崴投控,142.0,,645.0
108,3712,永崴投控,553.0,620.0,826.0
109,3712,永崴投控,324.0,808.0,944.0
110,3712,永崴投控,291.0,849.0,970.0
111,3712,永崴投控,362.0,920.0,1089.0
112,3712,永崴投控,360.0,867.0,1123.0
113,3712,永崴投控,351.0,986.0,1220.0
114,3712,永崴投控,313.0,1018.0,1338.0
110,3714,富采,4638.0,720.0,883.0
111,3714,富采,4554.0,698.0,873.0
112,3714,富采,4319.0,718.0,914.0
113,3714,富采,3877.0,778.0,971.0
114,3714,富采,3496.0,855.0,1053.0
111,3715,定穎投控,0.0,0.0,0.0
112,3715,定穎投控,8.0,1027.0,1068.0
113,3715,定穎投控,9.0,715.0,1023.0
114,3715,定穎投控,8.0,1023.0,1138.0
107,4542,科嶠,85.0,,582.0
108,4542,科嶠,85.0,537.0,598.0
109,4542,科嶠,78.0,566.0,601.0
110,4542,科嶠,74.0,690.0,748.0
111,4542,科嶠,87.0,634.0,703.0
112,4542,科嶠,89.0,650.0,702.0
113,4542,科嶠,91.0,683.0,733.0
114,4542,科嶠,88.0,712.0,776.0
107,4545,銘鈺,566.0,,520.0
108,4545,銘鈺,440.0,380.0,477.0
109,4545,銘鈺,443.0,495.0,582.0
110,4545,銘鈺,482.0,524.0,610.0
111,4545,銘鈺,492.0,524.0,607.0
112,4545,銘鈺,439.0,485.0,607.0
113,4545,銘鈺,461.0,608.0,706.0
114,4545,銘鈺,505.0,591.0,688.0
107,4729,熒茂,414.0,,406.0
108,4729,熒茂,387.0,403.0,451.0
110,4729,熒茂,329.0,498.0,535.0
111,4729,熒茂,362.0,500.0,567.0
112,4729,熒茂,347.0,422.0,502.0
113,4729,熒茂,299.0,464.0,555.0
114,4729,熒茂,278.0,554.0,621.0
113,4749,新應材,380.0,1027.0,1231.0
114,4749,新應材,414.0,1110.0,1381.0
107,4915,致伸,820.0,,1428.0
108,4915,致伸,820.0,1404.0,1662.0
109,4915,致伸,817.0,1277.0,1457.0
110,4915,致伸,846.0,1362.0,1662.0
111,4915,致伸,903.0,1544.0,1769.0
112,4915,致伸,888.0,1460.0,1627.0
113,4915,致伸,873.0,1660.0,1899.0
114,4915,致伸,924.0,1489.0,1765.0
107,4916,事欣科,84.0,,448.0
108,4916,事欣科,77.0,408.0,503.0
109,4916,事欣科,51.0,578.0,695.0
110,4916,事欣科,6.0,669.0,674.0
111,4916,事欣科,8.0,623.0,585.0
112,4916,事欣科,9.0,671.0,644.0
113,4916,事欣科,9.0,661.0,645.0
114,4916,事欣科,10.0,693.0,664.0
107,4919,新唐,1345.0,,1227.0
108,4919,新唐,1367.0,1097.0,1244.0
109,4919,新唐,1379.0,1098.0,1273.0
110,4919,新唐,1405.0,1341.0,1691.0
111,4919,新唐,1446.0,1441.0,1880.0
112,4919,新唐,1491.0,1239.0,1484.0
113,4919,新唐,1510.0,1248.0,1508.0
114,4919,新唐,1537.0,1215.0,1491.0
110,4923,力士,44.0,782.0,817.0
111,4923,力士,47.0,834.0,1015.0
112,4923,力士,48.0,678.0,805.0
113,4923,力士,47.0,659.0,766.0
114,4923,力士,47.0,758.0,853.0
108,4931,新盛力,269.0,441.0,560.0
109,4931,新盛力,275.0,443.0,556.0
110,4931,新盛力,266.0,448.0,560.0
111,4931,新盛力,312.0,494.0,663.0
112,4931,新盛力,359.0,424.0,533.0
113,4931,新盛力,346.0,502.0,613.0
114,4931,新盛力,339.0,538.0,658.0
107,4933,友輝,424.0,,585.0
108,4933,友輝,421.0,546.0,583.0
110,4933,友輝,508.0,597.0,655.0
111,4933,友輝,487.0,576.0,623.0
112,4933,友輝,487.0,640.0,725.0
113,4933,友輝,527.0,646.0,765.0
114,4933,友輝,545.0,660.0,746.0
107,4934,太極,240.0,,636.0
108,4934,太極,78.0,793.0,862.0
109,4934,太極,78.0,773.0,849.0
110,4934,太極,45.0,835.0,898.0
111,4934,太極,30.0,854.0,983.0
112,4934,太極,27.0,1251.0,1368.0
113,4934,太極,26.0,832.0,879.0
114,4934,太極,18.0,1046.0,1060.0
107,4938,和碩,6987.0,,1210.0
108,4938,和碩,7202.0,989.0,1221.0
109,4938,和碩,7773.0,987.0,1223.0
110,4938,和碩,8418.0,984.0,1236.0
111,4938,和碩,8729.0,1039.0,1299.0
112,4938,和碩,8257.0,1134.0,1346.0
113,4938,和碩,7374.0,1235.0,1452.0
114,4938,和碩,7324.0,1245.0,1515.0
107,4939,亞電,13.0,,1147.0
108,4939,亞電,15.0,937.0,1240.0
109,4939,亞電,14.0,1166.0,1106.0
110,4939,亞電,14.0,1631.0,1554.0
111,4939,亞電,14.0,1603.0,1586.0
112,4939,亞電,14.0,1038.0,1056.0
113,4939,亞電,14.0,1249.0,1169.0
114,4939,亞電,14.0,1098.0,998.0
107,4942,嘉彰,252.0,,678.0
108,4942,嘉彰,289.0,512.0,698.0
109,4942,嘉彰,288.0,519.0,686.0
110,4942,嘉彰,271.0,572.0,764.0
111,4942,嘉彰,284.0,563.0,782.0
112,4942,嘉彰,288.0,535.0,741.0
113,4942,嘉彰,295.0,578.0,766.0
114,4942,嘉彰,296.0,620.0,813.0
110,4944,兆遠,126.0,567.0,638.0
111,4944,兆遠,115.0,606.0,695.0
110,4945,陞達科技,42.0,1137.0,1238.0
111,4945,陞達科技,41.0,1102.0,1170.0
112,4945,陞達科技,45.0,1033.0,1041.0
113,4945,陞達科技,48.0,1137.0,1241.0
113,4949,有成精密,361.0,625.0,743.0
114,4949,有成精密,396.0,673.0,765.0
111,4951,精拓科,49.0,1544.0,1586.0
112,4951,精拓科,61.0,1259.0,1249.0
113,4951,精拓科,55.0,1535.0,1582.0
114,4951,精拓科,56.0,1644.0,1683.0
107,4952,凌通,219.0,,1758.0
108,4952,凌通,223.0,1566.0,1635.0
109,4952,凌通,213.0,1671.0,1716.0
110,4952,凌通,208.0,2223.0,2346.0
111,4952,凌通,213.0,2081.0,2203.0
112,4952,凌通,217.0,1629.0,1692.0
113,4952,凌通,213.0,1709.0,1807.0
114,4952,凌通,209.0,1503.0,1569.0
107,4956,光鋐,454.0,,531.0
108,4956,光鋐,394.0,486.0,560.0
109,4956,光鋐,391.0,500.0,566.0
110,4956,光鋐,406.0,566.0,660.0
111,4956,光鋐,397.0,522.0,585.0
112,4956,光鋐,349.0,528.0,608.0
113,4956,光鋐,345.0,546.0,635.0
114,4956,光鋐,386.0,555.0,630.0
107,4960,誠美材,1028.0,,664.0
108,4960,誠美材,1060.0,637.0,663.0
109,4960,誠美材,1061.0,637.0,679.0
110,4960,誠美材,1065.0,696.0,766.0
111,4960,誠美材,1051.0,721.0,734.0
112,4960,誠美材,1103.0,653.0,666.0
113,4960,誠美材,1070.0,640.0,793.0
114,4960,誠美材,1046.0,690.0,864.0
107,4961,天鈺,361.0,,1410.0
108,4961,天鈺,387.0,1175.0,1528.0
109,4961,天鈺,390.0,1365.0,1657.0
110,4961,天鈺,416.0,1836.0,2345.0
111,4961,天鈺,511.0,2225.0,2958.0
112,4961,天鈺,514.0,1946.0,2426.0
113,4961,天鈺,511.0,2176.0,2612.0
114,4961,天鈺,499.0,2303.0,2805.0
107,4967,十銓,262.0,,575.0
108,4967,十銓,280.0,485.0,562.0
109,4967,十銓,299.0,560.0,639.0
110,4967,十銓,333.0,536.0,614.0
111,4967,十銓,333.0,545.0,625.0
112,4967,十銓,351.0,653.0,794.0
113,4967,十銓,389.0,694.0,826.0
114,4967,十銓,411.0,846.0,1012.0
107,4968,立積,189.0,,1264.0
108,4968,立積,206.0,1097.0,1261.0
109,4968,立積,236.0,1073.0,1304.0
110,4968,立積,276.0,1205.0,1480.0
111,4968,立積,278.0,1202.0,1453.0
112,4968,立積,296.0,1206.0,1465.0
113,4968,立積,290.0,1266.0,1490.0
114,4968,立積,291.0,1342.0,1551.0
107,4972,湯石照明,36.0,,783.0
108,4972,湯石照明,37.0,745.0,793.0
110,4972,湯石照明,34.0,808.0,880.0
111,4972,湯石照明,33.0,784.0,792.0
112,4972,湯石照明,32.0,762.0,789.0
113,4972,湯石照明,34.0,677.0,693.0
114,4972,湯石照明,30.0,669.0,708.0
107,4973,廣穎電通,295.0,,697.0
108,4973,廣穎電通,260.0,544.0,736.0
109,4973,廣穎電通,279.0,527.0,702.0
110,4973,廣穎電通,272.0,512.0,670.0
111,4973,廣穎電通,271.0,524.0,743.0
112,4973,廣穎電通,290.0,530.0,750.0
113,4973,廣穎電通,315.0,530.0,712.0
114,4973,廣穎電通,339.0,576.0,736.0
107,4974,亞泰,40.0,,1376.0
108,4974,亞泰,43.0,1353.0,1513.0
109,4974,亞泰,43.0,1452.0,1597.0
110,4974,亞泰,43.0,1481.0,1661.0
111,4974,亞泰,43.0,1576.0,1737.0
112,4974,亞泰,42.0,1511.0,1618.0
113,4974,亞泰,42.0,1684.0,1762.0
114,4974,亞泰,41.0,1576.0,1649.0
107,4976,佳凌,922.0,,476.0
108,4976,佳凌,818.0,459.0,500.0
109,4976,佳凌,707.0,501.0,541.0
110,4976,佳凌,806.0,522.0,549.0
111,4976,佳凌,762.0,523.0,550.0
112,4976,佳凌,679.0,545.0,557.0
113,4976,佳凌,579.0,527.0,574.0
114,4976,佳凌,545.0,514.0,588.0
110,4987,科誠,197.0,520.0,623.0
111,4987,科誠,198.0,542.0,669.0
112,4987,科誠,193.0,436.0,545.0
113,4987,科誠,182.0,496.0,603.0
107,4989,榮科,208.0,,1001.0
108,4989,榮科,218.0,848.0,931.0
109,4989,榮科,217.0,908.0,956.0
110,4989,榮科,215.0,1071.0,1119.0
111,4989,榮科,211.0,953.0,985.0
112,4989,榮科,199.0,922.0,948.0
113,4989,榮科,184.0,1035.0,1080.0
114,4989,榮科,188.0,1086.0,1125.0
107,4995,晶達,166.0,,695.0
108,4995,晶達,166.0,657.0,753.0
110,4995,晶達,165.0,608.0,703.0
111,4995,晶達,164.0,652.0,753.0
112,4995,晶達,165.0,673.0,764.0
113,4995,晶達,171.0,757.0,834.0
114,4995,晶達,167.0,714.0,791.0
107,4999,鑫禾,246.0,,825.0
108,4999,鑫禾,266.0,557.0,728.0
109,4999,鑫禾,289.0,554.0,773.0
110,4999,鑫禾,325.0,530.0,684.0
111,4999,鑫禾,309.0,532.0,694.0
112,4999,鑫禾,295.0,505.0,616.0
113,4999,鑫禾,268.0,601.0,689.0
114,4999,鑫禾,257.0,610.0,695.0
107,5220,萬達光電,390.0,,471.0
108,5220,萬達光電,368.0,420.0,483.0
110,5220,萬達光電,292.0,480.0,556.0
111,5220,萬達光電,301.0,451.0,537.0
112,5220,萬達光電,302.0,438.0,515.0
113,5220,萬達光電,292.0,447.0,505.0
114,5220,萬達光電,266.0,474.0,544.0
110,5222,全訊,207.0,691.0,765.0
111,5222,全訊,221.0,700.0,782.0
112,5222,全訊,249.0,701.0,797.0
113,5222,全訊,266.0,686.0,770.0
114,5222,全訊,261.0,709.0,789.0
111,5228,鈺鎧,287.0,499.0,631.0
112,5228,鈺鎧,277.0,461.0,538.0
113,5228,鈺鎧,254.0,458.0,524.0
114,5228,鈺鎧,237.0,485.0,604.0
107,5230,雷笛克光學,91.0,,877.0
108,5230,雷笛克光學,90.0,591.0,819.0
110,5230,雷笛克光學,81.0,571.0,725.0
111,5230,雷笛克光學,70.0,679.0,853.0
112,5230,雷笛克光學,69.0,695.0,831.0
113,5230,雷笛克光學,74.0,697.0,862.0
114,5230,雷笛克光學,68.0,764.0,859.0
107,5234,達興材料,321.0,,1520.0
108,5234,達興材料,331.0,1200.0,1468.0
109,5234,達興材料,342.0,1185.0,1417.0
110,5234,達興材料,347.0,1097.0,1466.0
111,5234,達興材料,359.0,1102.0,1408.0
112,5234,達興材料,384.0,1144.0,1507.0
113,5234,達興材料,408.0,1200.0,1552.0
114,5234,達興材料,410.0,1325.0,1762.0
110,5236,凌陽創新,121.0,2084.0,2463.0
111,5236,凌陽創新,125.0,1974.0,2336.0
112,5236,凌陽創新,125.0,2011.0,2336.0
113,5236,凌陽創新,126.0,1991.0,2361.0
114,5236,凌陽創新,133.0,2029.0,2351.0
110,5244,弘凱,19.0,934.0,1189.0
111,5244,弘凱,20.0,956.0,1218.0
112,5244,弘凱,24.0,1073.0,1296.0
113,5244,弘凱,26.0,1114.0,1344.0
114,5244,弘凱,28.0,1051.0,1302.0
107,5245,智晶,413.0,,599.0
108,5245,智晶,375.0,431.0,543.0
110,5245,智晶,261.0,580.0,673.0
111,5245,智晶,272.0,564.0,704.0
112,5245,智晶,267.0,547.0,633.0
113,5245,智晶,262.0,582.0,649.0
114,5245,智晶,230.0,605.0,673.0
107,5251,天鉞電,31.0,,744.0
108,5251,天鉞電,28.0,655.0,754.0
110,5251,天鉞電,16.0,782.0,888.0
111,5251,天鉞電,14.0,750.0,797.0
112,5251,天鉞電,10.0,699.0,788.0
113,5251,天鉞電,14.0,699.0,735.0
114,5251,天鉞電,15.0,628.0,729.0
107,5258,虹堡,194.0,,656.0
108,5258,虹堡,240.0,549.0,648.0
109,5258,虹堡,304.0,538.0,639.0
110,5258,虹堡,293.0,586.0,707.0
111,5258,虹堡,348.0,645.0,813.0
112,5258,虹堡,433.0,562.0,766.0
113,5258,虹堡,493.0,601.0,765.0
114,5258,虹堡,480.0,601.0,762.0
107,5269,祥碩,208.0,,1839.0
108,5269,祥碩,216.0,1433.0,1780.0
109,5269,祥碩,229.0,2076.0,2636.0
110,5269,祥碩,234.0,1984.0,2475.0
111,5269,祥碩,251.0,1882.0,2361.0
112,5269,祥碩,267.0,2054.0,2621.0
113,5269,祥碩,288.0,2486.0,3084.0
114,5269,祥碩,306.0,3374.0,4281.0
107,5272,笙科,127.0,,1120.0
108,5272,笙科,91.0,959.0,1096.0
109,5272,笙科,93.0,983.0,1093.0
110,5272,笙科,91.0,1047.0,1164.0
111,5272,笙科,81.0,1373.0,1510.0
112,5272,笙科,83.0,1184.0,1341.0
113,5272,笙科,83.0,1150.0,1283.0
114,5272,笙科,80.0,1194.0,1329.0
107,5274,信驊,61.0,,2149.0
108,5274,信驊,69.0,1262.0,2338.0
109,5274,信驊,78.0,1980.0,2361.0
110,5274,信驊,83.0,2454.0,2831.0
111,5274,信驊,90.0,4220.0,4588.0
112,5274,信驊,107.0,2923.0,3248.0
113,5274,信驊,117.0,4004.0,4715.0
114,5274,信驊,129.0,4537.0,5617.0
107,5285,界霖,281.0,,491.0
108,5285,界霖,290.0,482.0,515.0
109,5285,界霖,291.0,475.0,508.0
110,5285,界霖,286.0,538.0,568.0
111,5285,界霖,300.0,508.0,557.0
112,5285,界霖,299.0,490.0,535.0
113,5285,界霖,273.0,507.0,551.0
114,5285,界霖,253.0,492.0,543.0
107,5289,宜鼎,479.0,,797.0
108,5289,宜鼎,536.0,636.0,828.0
109,5289,宜鼎,547.0,651.0,862.0
110,5289,宜鼎,575.0,701.0,907.0
111,5289,宜鼎,649.0,765.0,1046.0
112,5289,宜鼎,690.0,795.0,1082.0
113,5289,宜鼎,780.0,793.0,1018.0
114,5289,宜鼎,810.0,884.0,1110.0
107,5291,邑昇,253.0,,509.0
108,5291,邑昇,278.0,458.0,512.0
109,5291,邑昇,288.0,476.0,540.0
110,5291,邑昇,295.0,545.0,630.0
111,5291,邑昇,281.0,549.0,648.0
112,5291,邑昇,290.0,442.0,516.0
113,5291,邑昇,284.0,504.0,561.0
114,5291,邑昇,273.0,552.0,605.0
107,5299,杰力,62.0,,1858.0
108,5299,杰力,64.0,1513.0,1630.0
109,5299,杰力,67.0,1301.0,1476.0
110,5299,杰力,74.0,3142.0,3615.0
111,5299,杰力,76.0,2690.0,3145.0
112,5299,杰力,79.0,1015.0,1226.0
113,5299,杰力,80.0,1368.0,1546.0
114,5299,杰力,78.0,1483.0,1621.0
107,5302,太欣,43.0,,965.0
108,5302,太欣,40.0,932.0,947.0
109,5302,太欣,35.0,981.0,968.0
110,5302,太欣,32.0,964.0,963.0
111,5302,太欣,33.0,957.0,1096.0
112,5302,太欣,29.0,915.0,924.0
113,5302,太欣,28.0,931.0,924.0
114,5302,太欣,20.0,926.0,925.0
107,5309,系統電,243.0,,593.0
108,5309,系統電,247.0,484.0,616.0
109,5309,系統電,267.0,526.0,681.0
110,5309,系統電,292.0,547.0,737.0
111,5309,系統電,309.0,612.0,831.0
112,5309,系統電,327.0,688.0,900.0
113,5309,系統電,332.0,731.0,930.0
114,5309,系統電,344.0,755.0,966.0
110,5314,世紀,10.0,566.0,577.0
111,5314,世紀,10.0,573.0,557.0
112,5314,世紀,3.0,596.0,527.0
107,5315,光聯,564.0,,478.0
108,5315,光聯,581.0,384.0,459.0
110,5315,光聯,513.0,443.0,503.0
111,5315,光聯,489.0,435.0,516.0
112,5315,光聯,458.0,402.0,482.0
113,5315,光聯,404.0,441.0,525.0
114,5315,光聯,424.0,458.0,541.0
107,5328,華容,25.0,,598.0
108,5328,華容,22.0,579.0,622.0
109,5328,華容,23.0,510.0,599.0
110,5328,華容,24.0,632.0,677.0
111,5328,華容,24.0,724.0,785.0
112,5328,華容,26.0,805.0,837.0
113,5328,華容,26.0,853.0,873.0
114,5328,華容,30.0,772.0,839.0
107,5340,建榮,278.0,,525.0
108,5340,建榮,321.0,462.0,530.0
109,5340,建榮,330.0,500.0,554.0
110,5340,建榮,321.0,525.0,584.0
111,5340,建榮,311.0,522.0,592.0
112,5340,建榮,296.0,529.0,594.0
113,5340,建榮,294.0,628.0,702.0
114,5340,建榮,296.0,718.0,760.0
107,5344,立衛,175.0,,519.0
108,5344,立衛,167.0,493.0,508.0
109,5344,立衛,178.0,486.0,552.0
110,5344,立衛,190.0,526.0,597.0
111,5344,立衛,196.0,488.0,585.0
112,5344,立衛,187.0,479.0,574.0
113,5344,立衛,210.0,532.0,625.0
114,5344,立衛,211.0,561.0,655.0
107,5347,世界,5011.0,,1212.0
108,5347,世界,4959.0,917.0,1219.0
109,5347,世界,4851.0,995.0,1353.0
110,5347,世界,4915.0,1184.0,1778.0
111,5347,世界,5625.0,1179.0,1857.0
112,5347,世界,5595.0,1076.0,1485.0
113,5347,世界,5351.0,1195.0,1572.0
114,5347,世界,5402.0,1263.0,1645.0
107,5351,鈺創,332.0,,1044.0
108,5351,鈺創,277.0,976.0,1050.0
109,5351,鈺創,263.0,959.0,1056.0
110,5351,鈺創,247.0,1412.0,1706.0
111,5351,鈺創,271.0,1316.0,1498.0
112,5351,鈺創,273.0,900.0,1312.0
113,5351,鈺創,276.0,897.0,1298.0
114,5351,鈺創,289.0,936.0,1392.0
107,5355,佳總,337.0,,478.0
108,5355,佳總,360.0,468.0,498.0
109,5355,佳總,368.0,436.0,470.0
110,5355,佳總,348.0,475.0,499.0
111,5355,佳總,314.0,412.0,448.0
112,5355,佳總,332.0,438.0,468.0
113,5355,佳總,323.0,455.0,481.0
114,5355,佳總,275.0,449.0,488.0
107,5356,協益,371.0,,510.0
108,5356,協益,275.0,433.0,526.0
109,5356,協益,404.0,441.0,501.0
110,5356,協益,361.0,437.0,506.0
111,5356,協益,351.0,506.0,555.0
112,5356,協益,346.0,454.0,526.0
113,5356,協益,311.0,489.0,578.0
114,5356,協益,340.0,573.0,661.0
107,5371,中光電,1904.0,,1073.0
108,5371,中光電,1904.0,1006.0,1156.0
110,5371,中光電,1557.0,1131.0,1192.0
111,5371,中光電,1538.0,1137.0,1245.0
112,5371,中光電,1593.0,1125.0,1203.0
113,5371,中光電,1599.0,1146.0,1207.0
114,5371,中光電,1481.0,1193.0,1218.0
110,5381,合正,44.0,550.0,617.0
111,5381,合正,41.0,547.0,626.0
112,5381,合正,35.0,803.0,599.0
113,5381,合正,21.0,715.0,818.0
107,5386,青雲,28.0,,678.0
108,5386,青雲,28.0,611.0,692.0
109,5386,青雲,28.0,610.0,665.0
110,5386,青雲,27.0,699.0,815.0
111,5386,青雲,27.0,731.0,821.0
112,5386,青雲,29.0,711.0,818.0
113,5386,青雲,27.0,808.0,954.0
114,5386,青雲,28.0,959.0,980.0
107,5392,能率,15.0,,702.0
108,5392,能率,13.0,640.0,701.0
110,5392,能率,11.0,662.0,667.0
111,5392,能率,11.0,833.0,858.0
112,5392,能率,11.0,730.0,747.0
113,5392,能率,13.0,874.0,837.0
114,5392,能率,11.0,789.0,838.0
107,5425,台半,489.0,,681.0
108,5425,台半,501.0,531.0,687.0
109,5425,台半,462.0,521.0,677.0
110,5425,台半,502.0,541.0,682.0
111,5425,台半,562.0,585.0,751.0
112,5425,台半,616.0,638.0,821.0
113,5425,台半,618.0,628.0,794.0
114,5425,台半,618.0,629.0,758.0
107,5426,振發,245.0,,606.0
108,5426,振發,251.0,565.0,634.0
109,5426,振發,268.0,526.0,592.0
110,5426,振發,314.0,516.0,578.0
111,5426,振發,325.0,487.0,570.0
112,5426,振發,319.0,482.0,536.0
113,5426,振發,303.0,546.0,591.0
114,5426,振發,319.0,605.0,643.0
110,5432,新門,17.0,437.0,469.0
111,5432,新門,20.0,448.0,485.0
107,5438,東友,135.0,,1142.0
108,5438,東友,126.0,923.0,1145.0
109,5438,東友,115.0,885.0,1100.0
110,5438,東友,113.0,918.0,1045.0
111,5438,東友,115.0,935.0,1005.0
112,5438,東友,112.0,905.0,1015.0
113,5438,東友,91.0,1035.0,1054.0
114,5438,東友,86.0,936.0,1045.0
107,5439,高技,485.0,,668.0
108,5439,高技,491.0,577.0,659.0
109,5439,高技,523.0,602.0,697.0
110,5439,高技,543.0,663.0,770.0
111,5439,高技,594.0,599.0,704.0
112,5439,高技,648.0,701.0,798.0
113,5439,高技,737.0,642.0,705.0
114,5439,高技,765.0,808.0,1079.0
107,5443,均豪,395.0,,1108.0
108,5443,均豪,404.0,954.0,1053.0
109,5443,均豪,386.0,899.0,997.0
110,5443,均豪,391.0,957.0,1043.0
111,5443,均豪,409.0,1022.0,1155.0
112,5443,均豪,410.0,978.0,1051.0
113,5443,均豪,378.0,917.0,974.0
114,5443,均豪,328.0,1168.0,1236.0
107,5457,宣德,420.0,,490.0
108,5457,宣德,404.0,470.0,566.0
109,5457,宣德,330.0,559.0,630.0
110,5457,宣德,395.0,602.0,639.0
111,5457,宣德,498.0,486.0,593.0
112,5457,宣德,504.0,519.0,671.0
113,5457,宣德,474.0,588.0,774.0
114,5457,宣德,439.0,730.0,925.0
107,5460,同協,148.0,,717.0
108,5460,同協,145.0,610.0,727.0
109,5460,同協,128.0,594.0,713.0
110,5460,同協,102.0,579.0,672.0
111,5460,同協,86.0,540.0,637.0
112,5460,同協,76.0,622.0,693.0
113,5460,同協,68.0,591.0,699.0
114,5460,同協,67.0,588.0,680.0
107,5464,霖宏,414.0,,432.0
108,5464,霖宏,372.0,391.0,420.0
109,5464,霖宏,378.0,378.0,400.0
110,5464,霖宏,369.0,420.0,451.0
111,5464,霖宏,350.0,417.0,448.0
112,5464,霖宏,340.0,401.0,428.0
113,5464,霖宏,330.0,422.0,445.0
114,5464,霖宏,311.0,438.0,465.0
107,5465,富驊,20.0,,818.0
108,5465,富驊,21.0,854.0,917.0
109,5465,富驊,23.0,895.0,920.0
110,5465,富驊,23.0,987.0,1086.0
111,5465,富驊,25.0,985.0,1051.0
112,5465,富驊,26.0,938.0,975.0
113,5465,富驊,24.0,953.0,1022.0
114,5465,富驊,25.0,931.0,963.0
107,5468,凱鈺,31.0,,948.0
108,5468,凱鈺,21.0,864.0,1132.0
109,5468,凱鈺,12.0,947.0,851.0
110,5468,凱鈺,9.0,799.0,860.0
111,5468,凱鈺,15.0,759.0,744.0
112,5468,凱鈺,16.0,795.0,852.0
113,5468,凱鈺,17.0,811.0,954.0
114,5468,凱鈺,17.0,816.0,928.0
107,5469,瀚宇博,675.0,,622.0
108,5469,瀚宇博,637.0,593.0,662.0
109,5469,瀚宇博,664.0,606.0,729.0
110,5469,瀚宇博,628.0,730.0,828.0
111,5469,瀚宇博,649.0,724.0,844.0
112,5469,瀚宇博,704.0,730.0,861.0
113,5469,瀚宇博,766.0,786.0,922.0
114,5469,瀚宇博,872.0,810.0,947.0
107,5471,松翰,320.0,,1378.0
108,5471,松翰,306.0,1327.0,1397.0
109,5471,松翰,297.0,1640.0,1750.0
110,5471,松翰,293.0,1925.0,2127.0
111,5471,松翰,284.0,1598.0,1747.0
112,5471,松翰,304.0,1396.0,1483.0
113,5471,松翰,314.0,1469.0,1559.0
114,5471,松翰,309.0,1474.0,1536.0
107,5474,聰泰,105.0,,1067.0
108,5474,聰泰,108.0,910.0,1144.0
109,5474,聰泰,121.0,1036.0,1270.0
110,5474,聰泰,126.0,1079.0,1309.0
111,5474,聰泰,133.0,1048.0,1319.0
112,5474,聰泰,138.0,1097.0,1335.0
113,5474,聰泰,133.0,1183.0,1400.0
114,5474,聰泰,138.0,1176.0,1439.0
107,5475,德宏,171.0,,582.0
108,5475,德宏,104.0,448.0,509.0
109,5475,德宏,10.0,437.0,494.0
110,5475,德宏,11.0,444.0,445.0
111,5475,德宏,11.0,504.0,536.0
112,5475,德宏,12.0,477.0,495.0
113,5475,德宏,12.0,494.0,576.0
114,5475,德宏,18.0,493.0,659.0
107,5483,中美晶,1261.0,,662.0
108,5483,中美晶,796.0,768.0,786.0
109,5483,中美晶,747.0,1163.0,1128.0
110,5483,中美晶,609.0,1243.0,1302.0
111,5483,中美晶,660.0,1381.0,1432.0
112,5483,中美晶,617.0,1370.0,1452.0
113,5483,中美晶,573.0,996.0,1080.0
114,5483,中美晶,321.0,1022.0,1320.0
107,5484,慧友,120.0,,642.0
108,5484,慧友,122.0,539.0,654.0
109,5484,慧友,108.0,582.0,679.0
110,5484,慧友,109.0,584.0,670.0
111,5484,慧友,105.0,589.0,668.0
112,5484,慧友,102.0,582.0,653.0
113,5484,慧友,115.0,673.0,729.0
114,5484,慧友,119.0,685.0,750.0
107,5487,通泰,50.0,,939.0
108,5487,通泰,48.0,1004.0,1053.0
109,5487,通泰,45.0,1029.0,1078.0
110,5487,通泰,45.0,1077.0,1135.0
111,5487,通泰,45.0,988.0,977.0
112,5487,通泰,43.0,939.0,1002.0
113,5487,通泰,40.0,944.0,985.0
114,5487,通泰,40.0,995.0,1007.0
107,5488,松普,59.0,,613.0
108,5488,松普,68.0,530.0,541.0
109,5488,松普,62.0,481.0,535.0
110,5488,松普,66.0,550.0,567.0
111,5488,松普,64.0,579.0,603.0
112,5488,松普,64.0,551.0,559.0
113,5488,松普,61.0,548.0,556.0
114,5488,松普,62.0,529.0,550.0
107,5490,同亨,137.0,,1138.0
108,5490,同亨,113.0,1120.0,1201.0
109,5490,同亨,126.0,1047.0,1129.0
110,5490,同亨,140.0,905.0,985.0
111,5490,同亨,147.0,954.0,1030.0
112,5490,同亨,152.0,939.0,1007.0
113,5490,同亨,148.0,967.0,1023.0
114,5490,同亨,159.0,991.0,1039.0
107,5498,凱崴,131.0,,557.0
108,5498,凱崴,130.0,501.0,530.0
109,5498,凱崴,122.0,513.0,561.0
110,5498,凱崴,129.0,536.0,564.0
111,5498,凱崴,156.0,527.0,569.0
112,5498,凱崴,130.0,547.0,586.0
113,5498,凱崴,137.0,554.0,586.0
114,5498,凱崴,117.0,594.0,621.0
107,6103,合邦,9.0,,684.0
108,6103,合邦,9.0,668.0,692.0
109,6103,合邦,8.0,408.0,396.0
110,6103,合邦,7.0,467.0,441.0
111,6103,合邦,5.0,427.0,476.0
112,6103,合邦,5.0,507.0,584.0
113,6103,合邦,4.0,589.0,567.0
114,6103,合邦,4.0,668.0,639.0
107,6104,創惟,244.0,,1609.0
108,6104,創惟,260.0,1363.0,1581.0
109,6104,創惟,270.0,1520.0,1741.0
110,6104,創惟,283.0,1696.0,1916.0
111,6104,創惟,282.0,1766.0,2041.0
112,6104,創惟,271.0,1591.0,1795.0
113,6104,創惟,274.0,1829.0,2105.0
114,6104,創惟,258.0,2125.0,2406.0
107,6108,競國,642.0,,506.0
108,6108,競國,630.0,471.0,518.0
109,6108,競國,621.0,537.0,553.0
110,6108,競國,630.0,546.0,580.0
111,6108,競國,572.0,411.0,472.0
112,6108,競國,401.0,463.0,498.0
113,6108,競國,370.0,499.0,549.0
114,6108,競國,37.0,741.0,735.0
107,6114,久威,52.0,,919.0
108,6114,久威,46.0,573.0,710.0
109,6114,久威,42.0,621.0,747.0
110,6114,久威,45.0,657.0,760.0
111,6114,久威,36.0,705.0,803.0
112,6114,久威,33.0,624.0,759.0
113,6114,久威,29.0,684.0,747.0
114,6114,久威,26.0,617.0,766.0
107,6115,鎰勝,106.0,,824.0
108,6115,鎰勝,105.0,699.0,897.0
109,6115,鎰勝,113.0,649.0,800.0
110,6115,鎰勝,115.0,684.0,844.0
111,6115,鎰勝,113.0,707.0,880.0
112,6115,鎰勝,108.0,551.0,699.0
113,6115,鎰勝,111.0,690.0,868.0
114,6115,鎰勝,113.0,648.0,759.0
107,6116,彩晶,2792.0,,729.0
108,6116,彩晶,2529.0,609.0,732.0
109,6116,彩晶,2632.0,804.0,941.0
110,6116,彩晶,2616.0,1014.0,1157.0
111,6116,彩晶,2668.0,726.0,828.0
112,6116,彩晶,2607.0,724.0,832.0
113,6116,彩晶,2312.0,762.0,874.0
114,6116,彩晶,2065.0,733.0,878.0
107,6117,迎廣,609.0,,542.0
108,6117,迎廣,591.0,454.0,567.0
109,6117,迎廣,603.0,484.0,596.0
110,6117,迎廣,622.0,522.0,633.0
111,6117,迎廣,647.0,528.0,646.0
112,6117,迎廣,657.0,542.0,669.0
113,6117,迎廣,745.0,569.0,702.0
114,6117,迎廣,796.0,646.0,763.0
107,6120,達運,931.0,,1001.0
108,6120,達運,1009.0,629.0,748.0
109,6120,達運,1029.0,619.0,807.0
110,6120,達運,848.0,711.0,890.0
111,6120,達運,630.0,754.0,863.0
112,6120,達運,576.0,979.0,1082.0
113,6120,達運,516.0,957.0,1100.0
114,6120,達運,393.0,1051.0,1057.0
107,6121,新普,339.0,,1165.0
108,6121,新普,379.0,990.0,1202.0
109,6121,新普,399.0,1101.0,1243.0
110,6121,新普,388.0,1168.0,1334.0
111,6121,新普,403.0,1172.0,1382.0
112,6121,新普,362.0,1246.0,1410.0
113,6121,新普,355.0,1183.0,1345.0
114,6121,新普,365.0,1134.0,1359.0
107,6124,業強,28.0,,787.0
108,6124,業強,25.0,974.0,1176.0
109,6124,業強,26.0,1225.0,1395.0
110,6124,業強,22.0,609.0,718.0
111,6124,業強,19.0,598.0,666.0
112,6124,業強,15.0,598.0,680.0
113,6124,業強,19.0,592.0,695.0
114,6124,業強,19.0,604.0,650.0
110,6125,廣運,308.0,759.0,856.0
111,6125,廣運,332.0,835.0,981.0
112,6125,廣運,387.0,829.0,1002.0
113,6125,廣運,431.0,786.0,925.0
107,6126,信音,16.0,,697.0
108,6126,信音,15.0,761.0,718.0
109,6126,信音,18.0,750.0,841.0
110,6126,信音,21.0,760.0,787.0
111,6126,信音,21.0,792.0,809.0
112,6126,信音,21.0,733.0,784.0
113,6126,信音,20.0,738.0,808.0
114,6126,信音,14.0,729.0,822.0
107,6127,九豪,263.0,,478.0
108,6127,九豪,217.0,419.0,469.0
109,6127,九豪,203.0,484.0,507.0
110,6127,九豪,201.0,520.0,567.0
111,6127,九豪,223.0,489.0,528.0
112,6127,九豪,216.0,494.0,517.0
113,6127,九豪,190.0,570.0,585.0
114,6127,九豪,171.0,594.0,653.0
107,6128,上福,460.0,,494.0
108,6128,上福,423.0,404.0,570.0
109,6128,上福,426.0,440.0,509.0
110,6128,上福,424.0,494.0,564.0
111,6128,上福,427.0,500.0,583.0
112,6128,上福,438.0,463.0,563.0
113,6128,上福,431.0,549.0,626.0
114,6128,上福,455.0,457.0,520.0
107,6129,普誠,199.0,,857.0
108,6129,普誠,193.0,772.0,889.0
109,6129,普誠,176.0,770.0,890.0
110,6129,普誠,173.0,838.0,932.0
111,6129,普誠,171.0,981.0,1097.0
112,6129,普誠,169.0,947.0,1045.0
113,6129,普誠,189.0,895.0,992.0
114,6129,普誠,191.0,908.0,1011.0
107,6133,金橋,41.0,,642.0
108,6133,金橋,38.0,609.0,691.0
109,6133,金橋,39.0,540.0,633.0
110,6133,金橋,37.0,577.0,680.0
111,6133,金橋,36.0,684.0,780.0
112,6133,金橋,33.0,556.0,670.0
113,6133,金橋,31.0,652.0,768.0
114,6133,金橋,27.0,674.0,784.0
107,6134,萬旭,106.0,,656.0
108,6134,萬旭,106.0,557.0,636.0
109,6134,萬旭,111.0,571.0,651.0
110,6134,萬旭,130.0,616.0,666.0
111,6134,萬旭,124.0,654.0,748.0
112,6134,萬旭,122.0,605.0,660.0
113,6134,萬旭,109.0,661.0,706.0
114,6134,萬旭,101.0,658.0,721.0
107,6138,茂達,267.0,,1227.0
108,6138,茂達,270.0,1071.0,1218.0
109,6138,茂達,271.0,1178.0,1362.0
110,6138,茂達,268.0,1515.0,1813.0
111,6138,茂達,278.0,1434.0,1679.0
112,6138,茂達,276.0,1270.0,1451.0
113,6138,茂達,284.0,1443.0,1623.0
114,6138,茂達,284.0,1649.0,1880.0
107,6141,柏承,398.0,,518.0
108,6141,柏承,400.0,454.0,524.0
109,6141,柏承,413.0,464.0,525.0
110,6141,柏承,407.0,512.0,588.0
111,6141,柏承,392.0,489.0,563.0
112,6141,柏承,381.0,478.0,558.0
113,6141,柏承,387.0,485.0,556.0
114,6141,柏承,354.0,478.0,536.0
107,6147,頎邦,5261.0,,728.0
108,6147,頎邦,5739.0,688.0,796.0
109,6147,頎邦,5551.0,717.0,817.0
110,6147,頎邦,5571.0,826.0,964.0
111,6147,頎邦,5474.0,827.0,982.0
112,6147,頎邦,5272.0,781.0,912.0
113,6147,頎邦,5031.0,870.0,1001.0
114,6147,頎邦,5005.0,918.0,1025.0
107,6150,撼訊,93.0,,851.0
108,6150,撼訊,115.0,798.0,926.0
109,6150,撼訊,111.0,700.0,755.0
110,6150,撼訊,113.0,1561.0,1707.0
111,6150,撼訊,147.0,680.0,782.0
112,6150,撼訊,153.0,606.0,708.0
113,6150,撼訊,153.0,602.0,699.0
114,6150,撼訊,152.0,625.0,736.0
107,6153,嘉聯益,1914.0,,622.0
108,6153,嘉聯益,1956.0,449.0,546.0
109,6153,嘉聯益,1802.0,479.0,573.0
110,6153,嘉聯益,1854.0,543.0,614.0
111,6153,嘉聯益,1447.0,610.0,696.0
112,6153,嘉聯益,1198.0,558.0,652.0
113,6153,嘉聯益,1481.0,562.0,627.0
114,6153,嘉聯益,998.0,566.0,645.0
107,6155,鈞寶,244.0,,508.0
108,6155,鈞寶,228.0,420.0,477.0
109,6155,鈞寶,221.0,437.0,482.0
110,6155,鈞寶,234.0,455.0,512.0
111,6155,鈞寶,223.0,469.0,533.0
112,6155,鈞寶,206.0,450.0,494.0
113,6155,鈞寶,192.0,498.0,553.0
114,6155,鈞寶,192.0,538.0,608.0
107,6156,松上,13.0,,1142.0
108,6156,松上,13.0,1040.0,1081.0
109,6156,松上,13.0,1020.0,1242.0
110,6156,松上,22.0,1207.0,1050.0
111,6156,松上,18.0,848.0,973.0
112,6156,松上,15.0,779.0,991.0
113,6156,松上,17.0,949.0,997.0
114,6156,松上,21.0,895.0,961.0
107,6158,禾昌,106.0,,1161.0
108,6158,禾昌,125.0,710.0,828.0
109,6158,禾昌,130.0,857.0,1010.0
110,6158,禾昌,135.0,876.0,1028.0
111,6158,禾昌,116.0,804.0,926.0
112,6158,禾昌,120.0,851.0,968.0
113,6158,禾昌,115.0,881.0,1020.0
114,6158,禾昌,119.0,820.0,930.0
107,6160,欣技,235.0,,869.0
108,6160,欣技,241.0,735.0,792.0
109,6160,欣技,207.0,640.0,686.0
110,6160,欣技,197.0,727.0,837.0
111,6160,欣技,185.0,736.0,822.0
112,6160,欣技,216.0,642.0,738.0
113,6160,欣技,218.0,658.0,769.0
114,6160,欣技,215.0,681.0,789.0
107,6161,捷波,56.0,,856.0
108,6161,捷波,54.0,660.0,877.0
109,6161,捷波,53.0,673.0,830.0
110,6161,捷波,55.0,711.0,881.0
111,6161,捷波,55.0,765.0,975.0
112,6161,捷波,66.0,747.0,975.0
113,6161,捷波,61.0,716.0,973.0
114,6161,捷波,62.0,737.0,969.0
107,6164,華興,57.0,,660.0
108,6164,華興,55.0,565.0,600.0
109,6164,華興,41.0,585.0,639.0
110,6164,華興,39.0,584.0,653.0
111,6164,華興,45.0,578.0,630.0
112,6164,華興,40.0,691.0,682.0
113,6164,華興,33.0,709.0,723.0
114,6164,華興,34.0,672.0,712.0
107,6166,凌華,1014.0,,960.0
108,6166,凌華,855.0,880.0,973.0
109,6166,凌華,976.0,936.0,1020.0
110,6166,凌華,968.0,981.0,1087.0
111,6166,凌華,999.0,950.0,1045.0
112,6166,凌華,1078.0,963.0,1089.0
113,6166,凌華,1059.0,954.0,1092.0
114,6166,凌華,992.0,990.0,1127.0
107,6167,久正,234.0,,522.0
108,6167,久正,235.0,473.0,555.0
110,6167,久正,223.0,457.0,505.0
111,6167,久正,221.0,518.0,565.0
112,6167,久正,214.0,565.0,635.0
113,6167,久正,202.0,523.0,599.0
114,6167,久正,198.0,532.0,590.0
107,6168,宏齊,597.0,,712.0
108,6168,宏齊,584.0,587.0,659.0
109,6168,宏齊,541.0,623.0,697.0
110,6168,宏齊,531.0,702.0,802.0
111,6168,宏齊,513.0,675.0,779.0
112,6168,宏齊,493.0,607.0,710.0
113,6168,宏齊,485.0,647.0,766.0
114,6168,宏齊,514.0,677.0,798.0
107,6173,信昌電,627.0,,703.0
108,6173,信昌電,575.0,605.0,700.0
109,6173,信昌電,618.0,651.0,793.0
110,6173,信昌電,666.0,680.0,847.0
111,6173,信昌電,714.0,555.0,750.0
112,6173,信昌電,679.0,623.0,715.0
113,6173,信昌電,640.0,667.0,751.0
114,6173,信昌電,638.0,705.0,797.0
107,6174,安碁,225.0,,483.0
108,6174,安碁,215.0,389.0,444.0
109,6174,安碁,194.0,415.0,466.0
110,6174,安碁,180.0,528.0,582.0
111,6174,安碁,215.0,483.0,550.0
112,6174,安碁,207.0,453.0,507.0
113,6174,安碁,207.0,492.0,553.0
114,6174,安碁,215.0,608.0,629.0
107,6175,立敦,64.0,,647.0
108,6175,立敦,64.0,604.0,627.0
109,6175,立敦,63.0,633.0,638.0
110,6175,立敦,65.0,722.0,737.0
111,6175,立敦,69.0,749.0,810.0
112,6175,立敦,75.0,679.0,723.0
113,6175,立敦,66.0,699.0,780.0
114,6175,立敦,54.0,797.0,844.0
107,6176,瑞儀,1039.0,,808.0
108,6176,瑞儀,1047.0,797.0,1069.0
109,6176,瑞儀,982.0,826.0,1064.0
110,6176,瑞儀,912.0,919.0,1195.0
111,6176,瑞儀,898.0,1043.0,1445.0
112,6176,瑞儀,849.0,960.0,1214.0
113,6176,瑞儀,856.0,1129.0,1558.0
114,6176,瑞儀,957.0,996.0,1256.0
107,6182,合晶,899.0,,772.0
108,6182,合晶,921.0,647.0,724.0
109,6182,合晶,937.0,650.0,717.0
110,6182,合晶,952.0,709.0,776.0
111,6182,合晶,947.0,796.0,875.0
112,6182,合晶,987.0,671.0,728.0
113,6182,合晶,972.0,660.0,722.0
114,6182,合晶,965.0,690.0,765.0
107,6185,幃翔,26.0,,507.0
108,6185,幃翔,24.0,478.0,510.0
109,6185,幃翔,22.0,424.0,455.0
110,6185,幃翔,17.0,398.0,477.0
111,6185,幃翔,15.0,505.0,536.0
112,6185,幃翔,16.0,596.0,589.0
113,6185,幃翔,17.0,618.0,665.0
114,6185,幃翔,15.0,599.0,645.0
107,6187,萬潤,196.0,,1148.0
108,6187,萬潤,201.0,953.0,1103.0
109,6187,萬潤,218.0,854.0,932.0
113,6187,萬潤,324.0,1138.0,1347.0
114,6187,萬潤,357.0,1202.0,1425.0
107,6188,廣明,205.0,,1135.0
108,6188,廣明,154.0,1001.0,1174.0
109,6188,廣明,151.0,1052.0,1253.0
110,6188,廣明,149.0,1141.0,1428.0
111,6188,廣明,167.0,1202.0,1485.0
112,6188,廣明,198.0,1269.0,1549.0
113,6188,廣明,175.0,1312.0,1469.0
114,6188,廣明,170.0,1493.0,1678.0
107,6191,精成科,94.0,,1143.0
108,6191,精成科,83.0,1190.0,1579.0
109,6191,精成科,69.0,1617.0,1938.0
110,6191,精成科,64.0,1787.0,2164.0
111,6191,精成科,65.0,1553.0,1952.0
112,6191,精成科,62.0,1714.0,2094.0
113,6191,精成科,62.0,1686.0,2125.0
114,6191,精成科,65.0,1677.0,2054.0
107,6194,育富,4.0,,574.0
108,6194,育富,4.0,554.0,573.0
109,6194,育富,4.0,554.0,575.0
110,6194,育富,4.0,553.0,574.0
111,6194,育富,4.0,554.0,574.0
112,6194,育富,4.0,554.0,574.0
113,6194,育富,4.0,596.0,619.0
114,6194,育富,4.0,560.0,584.0
107,6197,佳必琪,126.0,,870.0
108,6197,佳必琪,136.0,660.0,879.0
109,6197,佳必琪,164.0,728.0,881.0
110,6197,佳必琪,190.0,784.0,890.0
111,6197,佳必琪,228.0,654.0,859.0
112,6197,佳必琪,248.0,763.0,932.0
113,6197,佳必琪,266.0,860.0,1070.0
114,6197,佳必琪,262.0,929.0,1108.0
110,6198,瑞築,8.0,673.0,797.0
111,6198,瑞築,9.0,643.0,752.0
107,6202,盛群,354.0,,1448.0
108,6202,盛群,371.0,1119.0,1220.0
109,6202,盛群,382.0,1503.0,1620.0
110,6202,盛群,411.0,1796.0,2036.0
111,6202,盛群,424.0,1642.0,1348.0
112,6202,盛群,409.0,1100.0,1185.0
113,6202,盛群,377.0,1149.0,1243.0
114,6202,盛群,305.0,1242.0,1333.0
107,6203,海韻電,78.0,,688.0
108,6203,海韻電,80.0,738.0,829.0
109,6203,海韻電,96.0,849.0,978.0
110,6203,海韻電,110.0,736.0,900.0
111,6203,海韻電,103.0,687.0,884.0
112,6203,海韻電,99.0,780.0,945.0
113,6203,海韻電,99.0,833.0,957.0
114,6203,海韻電,90.0,966.0,1083.0
107,6204,艾華,78.0,,562.0
108,6204,艾華,81.0,469.0,569.0
109,6204,艾華,78.0,471.0,539.0
110,6204,艾華,77.0,488.0,540.0
111,6204,艾華,65.0,540.0,641.0
112,6204,艾華,50.0,519.0,595.0
113,6204,艾華,39.0,588.0,666.0
114,6204,艾華,35.0,645.0,713.0
107,6205,詮欣,141.0,,765.0
108,6205,詮欣,133.0,563.0,709.0
109,6205,詮欣,142.0,535.0,688.0
110,6205,詮欣,153.0,589.0,749.0
111,6205,詮欣,150.0,639.0,843.0
112,6205,詮欣,167.0,539.0,739.0
113,6205,詮欣,165.0,659.0,796.0
114,6205,詮欣,172.0,636.0,715.0
107,6206,飛捷,421.0,,785.0
108,6206,飛捷,379.0,600.0,789.0
109,6206,飛捷,355.0,647.0,796.0
110,6206,飛捷,344.0,721.0,894.0
111,6206,飛捷,384.0,738.0,1006.0
112,6206,飛捷,378.0,671.0,841.0
113,6206,飛捷,393.0,756.0,957.0
114,6206,飛捷,395.0,786.0,954.0
107,6207,雷科,190.0,,659.0
108,6207,雷科,186.0,517.0,548.0
109,6207,雷科,170.0,567.0,601.0
110,6207,雷科,174.0,632.0,678.0
111,6207,雷科,174.0,621.0,690.0
112,6207,雷科,177.0,637.0,703.0
113,6207,雷科,184.0,650.0,722.0
114,6207,雷科,178.0,633.0,692.0
107,6208,日揚,272.0,,827.0
108,6208,日揚,289.0,755.0,836.0
109,6208,日揚,299.0,763.0,855.0
110,6208,日揚,310.0,784.0,923.0
111,6208,日揚,392.0,826.0,975.0
112,6208,日揚,435.0,784.0,953.0
113,6208,日揚,450.0,755.0,897.0
114,6208,日揚,459.0,737.0,853.0
107,6209,今國光,729.0,,453.0
108,6209,今國光,747.0,425.0,473.0
109,6209,今國光,759.0,448.0,490.0
110,6209,今國光,828.0,467.0,511.0
111,6209,今國光,776.0,483.0,531.0
112,6209,今國光,784.0,459.0,504.0
113,6209,今國光,718.0,464.0,504.0
114,6209,今國光,642.0,542.0,522.0
107,6210,慶生,271.0,,600.0
108,6210,慶生,266.0,571.0,623.0
109,6210,慶生,274.0,561.0,606.0
110,6210,慶生,260.0,568.0,610.0
111,6210,慶生,254.0,571.0,621.0
112,6210,慶生,248.0,530.0,566.0
113,6210,慶生,228.0,534.0,560.0
114,6210,慶生,221.0,572.0,599.0
107,6213,聯茂,372.0,,695.0
108,6213,聯茂,378.0,659.0,801.0
109,6213,聯茂,437.0,643.0,851.0
110,6213,聯茂,406.0,609.0,872.0
111,6213,聯茂,366.0,546.0,663.0
112,6213,聯茂,364.0,572.0,661.0
113,6213,聯茂,365.0,604.0,777.0
114,6213,聯茂,379.0,619.0,833.0
107,6217,中探針,208.0,,683.0
108,6217,中探針,212.0,562.0,676.0
109,6217,中探針,216.0,529.0,680.0
110,6217,中探針,248.0,484.0,648.0
111,6217,中探針,255.0,531.0,649.0
112,6217,中探針,235.0,555.0,694.0
113,6217,中探針,216.0,583.0,674.0
114,6217,中探針,198.0,559.0,668.0
107,6220,岳豐,87.0,,653.0
108,6220,岳豐,95.0,586.0,642.0
109,6220,岳豐,131.0,634.0,712.0
110,6220,岳豐,143.0,600.0,645.0
111,6220,岳豐,143.0,648.0,821.0
112,6220,岳豐,115.0,496.0,544.0
113,6220,岳豐,113.0,674.0,772.0
114,6220,岳豐,114.0,663.0,744.0
107,6222,立軒,11.0,,639.0
108,6222,立軒,14.0,503.0,497.0
110,6222,上揚,18.0,463.0,457.0
111,6222,上揚,6.0,346.0,472.0
112,6222,上揚,5.0,529.0,501.0
113,6222,立軒,5.0,550.0,511.0
114,6222,立軒,3.0,653.0,552.0
107,6223,旺矽,1540.0,,947.0
108,6223,旺矽,1529.0,868.0,1003.0
109,6223,旺矽,1537.0,995.0,1154.0
110,6223,旺矽,1594.0,1008.0,1156.0
111,6223,旺矽,1619.0,1103.0,1266.0
112,6223,旺矽,1665.0,1167.0,1326.0
113,6223,旺矽,1764.0,1332.0,1576.0
114,6223,旺矽,1955.0,1501.0,1690.0
107,6224,聚鼎,195.0,,783.0
108,6224,聚鼎,192.0,709.0,788.0
109,6224,聚鼎,200.0,793.0,885.0
110,6224,聚鼎,241.0,798.0,949.0
111,6224,聚鼎,270.0,681.0,796.0
112,6224,聚鼎,241.0,696.0,831.0
113,6224,聚鼎,212.0,774.0,898.0
114,6224,聚鼎,257.0,731.0,872.0
107,6225,天瀚,6.0,,603.0
108,6225,天瀚,4.0,642.0,1165.0
109,6225,天瀚,4.0,969.0,935.0
110,6225,天瀚,4.0,1055.0,1015.0
111,6225,天瀚,4.0,1007.0,991.0
112,6225,天瀚,2.0,763.0,763.0
113,6225,天瀚,4.0,755.0,617.0
114,6225,天瀚,15.0,699.0,863.0
107,6226,光鼎,38.0,,747.0
108,6226,光鼎,40.0,745.0,781.0
109,6226,光鼎,41.0,612.0,728.0
110,6226,光鼎,38.0,711.0,859.0
111,6226,光鼎,40.0,695.0,854.0
112,6226,光鼎,38.0,616.0,765.0
113,6226,光鼎,35.0,716.0,850.0
114,6226,光鼎,38.0,687.0,830.0
107,6228,全譜,31.0,,630.0
108,6228,全譜,27.0,609.0,646.0
109,6228,全譜,27.0,577.0,625.0
110,6228,全譜,28.0,560.0,625.0
111,6228,全譜,28.0,582.0,637.0
112,6228,全譜,26.0,596.0,659.0
113,6228,全譜,27.0,605.0,615.0
114,6228,全譜,23.0,592.0,653.0
107,6229,研通,24.0,,838.0
108,6229,研通,23.0,804.0,868.0
109,6229,研通,23.0,834.0,832.0
110,6229,研通,21.0,965.0,1110.0
111,6229,研通,23.0,837.0,891.0
112,6229,研通,24.0,754.0,762.0
113,6229,研通,26.0,836.0,946.0
114,6229,研通,25.0,807.0,890.0
107,6230,尼得科超眾,320.0,,628.0
108,6230,尼得科超眾,402.0,484.0,636.0
109,6230,尼得科超眾,461.0,539.0,647.0
110,6230,尼得科超眾,513.0,553.0,685.0
111,6230,尼得科超眾,543.0,556.0,741.0
112,6230,尼得科超眾,523.0,713.0,867.0
113,6230,尼得科超眾,359.0,742.0,867.0
114,6230,尼得科超眾,329.0,773.0,903.0
107,6233,旺玖,95.0,,1112.0
108,6233,旺玖,89.0,970.0,1108.0
109,6233,旺玖,83.0,1011.0,1155.0
110,6233,旺玖,69.0,1028.0,1138.0
111,6233,旺玖,71.0,1046.0,1155.0
112,6233,旺玖,75.0,1082.0,1205.0
113,6233,旺玖,76.0,1061.0,1180.0
114,6233,旺玖,73.0,1148.0,1268.0
107,6234,高僑,136.0,,536.0
108,6234,高僑,145.0,391.0,533.0
110,6234,高僑,134.0,457.0,578.0
111,6234,高僑,144.0,435.0,572.0
112,6234,高僑,143.0,435.0,616.0
113,6234,高僑,142.0,500.0,599.0
114,6234,高僑,141.0,551.0,634.0
107,6235,華孚,48.0,,803.0
108,6235,華孚,47.0,654.0,788.0
109,6235,華孚,48.0,711.0,903.0
110,6235,華孚,44.0,729.0,932.0
111,6235,華孚,39.0,702.0,897.0
112,6235,華孚,40.0,735.0,997.0
113,6235,華孚,37.0,911.0,994.0
114,6235,華孚,36.0,784.0,839.0
107,6237,驊訊,114.0,,1103.0
108,6237,驊訊,132.0,1048.0,1166.0
109,6237,驊訊,118.0,1107.0,1214.0
110,6237,驊訊,126.0,1261.0,1362.0
111,6237,驊訊,121.0,1100.0,1210.0
112,6237,驊訊,126.0,1115.0,1220.0
113,6237,驊訊,129.0,1132.0,1178.0
114,6237,驊訊,119.0,1173.0,1290.0
107,6239,力成,10271.0,,749.0
108,6239,力成,9992.0,625.0,768.0
109,6239,力成,11120.0,652.0,803.0
110,6239,力成,10908.0,734.0,891.0
111,6239,力成,11087.0,688.0,863.0
112,6239,力成,10723.0,635.0,804.0
113,6239,力成,10995.0,689.0,869.0
114,6239,力成,11215.0,702.0,873.0
107,6243,迅杰,59.0,,1146.0
108,6243,迅杰,55.0,1142.0,1135.0
109,6243,迅杰,58.0,1191.0,1212.0
110,6243,迅杰,59.0,1167.0,1211.0
111,6243,迅杰,59.0,1327.0,1440.0
112,6243,迅杰,61.0,1337.0,1489.0
113,6243,迅杰,66.0,1355.0,1513.0
114,6243,迅杰,69.0,1202.0,1343.0
107,6244,茂迪,1933.0,,641.0
108,6244,茂迪,586.0,657.0,787.0
110,6244,茂迪,596.0,642.0,726.0
111,6244,茂迪,613.0,635.0,737.0
112,6244,茂迪,605.0,576.0,713.0
113,6244,茂迪,498.0,591.0,736.0
114,6244,茂迪,444.0,599.0,720.0
107,6246,臺龍,20.0,,704.0
108,6246,臺龍,18.0,684.0,689.0
110,6246,臺龍,17.0,726.0,754.0
111,6246,臺龍,15.0,713.0,750.0
112,6246,臺龍,17.0,704.0,701.0
113,6246,臺龍,17.0,714.0,720.0
114,6246,臺龍,15.0,798.0,794.0
107,6257,矽格,1783.0,,646.0
108,6257,矽格,1830.0,563.0,707.0
109,6257,矽格,2027.0,568.0,710.0
110,6257,矽格,2263.0,588.0,760.0
111,6257,矽格,2297.0,631.0,806.0
112,6257,矽格,2190.0,634.0,770.0
113,6257,矽格,2186.0,682.0,858.0
114,6257,矽格,2258.0,702.0,860.0
107,6259,百徽,22.0,,632.0
108,6259,百徽,22.0,636.0,617.0
109,6259,百徽,20.0,584.0,653.0
110,6259,百徽,19.0,641.0,652.0
111,6259,百徽,19.0,760.0,711.0
112,6259,百徽,19.0,720.0,717.0
113,6259,百徽,17.0,902.0,984.0
114,6259,百徽,18.0,979.0,1030.0
107,6261,久元,982.0,,809.0
108,6261,久元,943.0,651.0,764.0
109,6261,久元,898.0,612.0,762.0
110,6261,久元,971.0,808.0,959.0
111,6261,久元,992.0,828.0,1030.0
112,6261,久元,973.0,765.0,992.0
113,6261,久元,940.0,885.0,1040.0
114,6261,久元,960.0,889.0,1046.0
107,6266,泰詠,318.0,,616.0
108,6266,泰詠,394.0,537.0,589.0
109,6266,泰詠,387.0,515.0,563.0
110,6266,泰詠,351.0,590.0,625.0
111,6266,泰詠,379.0,587.0,637.0
112,6266,泰詠,455.0,542.0,638.0
113,6266,泰詠,444.0,584.0,667.0
114,6266,泰詠,436.0,694.0,728.0
107,6269,台郡,1622.0,,630.0
108,6269,台郡,1583.0,545.0,631.0
109,6269,台郡,1782.0,568.0,638.0
110,6269,台郡,2092.0,560.0,632.0
111,6269,台郡,2212.0,578.0,650.0
112,6269,台郡,2302.0,570.0,647.0
113,6269,台郡,1980.0,549.0,648.0
114,6269,台郡,1841.0,572.0,663.0
107,6271,同欣電,1615.0,,715.0
108,6271,同欣電,1667.0,554.0,727.0
109,6271,同欣電,1791.0,620.0,847.0
110,6271,同欣電,1841.0,620.0,893.0
111,6271,同欣電,2577.0,648.0,840.0
112,6271,同欣電,2458.0,674.0,948.0
113,6271,同欣電,2246.0,765.0,901.0
114,6271,同欣電,2206.0,778.0,935.0
114,6272,驊陞,120.0,1246.0,1320.0
107,6274,台燿,913.0,,783.0
108,6274,台燿,1030.0,650.0,787.0
109,6274,台燿,1088.0,675.0,803.0
110,6274,台燿,1042.0,744.0,853.0
111,6274,台燿,1004.0,685.0,789.0
112,6274,台燿,941.0,684.0,786.0
113,6274,台燿,936.0,858.0,952.0
114,6274,台燿,1007.0,907.0,1028.0
107,6275,元山,322.0,,532.0
108,6275,元山,398.0,417.0,512.0
109,6275,元山,401.0,413.0,543.0
110,6275,元山,435.0,472.0,604.0
111,6275,元山,459.0,424.0,558.0
112,6275,元山,470.0,460.0,582.0
113,6275,元山,503.0,474.0,579.0
114,6275,元山,484.0,514.0,641.0
107,6276,安鈦克,21.0,,806.0
108,6276,安鈦克,22.0,710.0,836.0
109,6276,安鈦克,22.0,821.0,895.0
110,6276,安鈦克,25.0,707.0,813.0
111,6276,安鈦克,25.0,712.0,810.0
112,6276,安鈦克,25.0,723.0,823.0
113,6276,安鈦克,22.0,749.0,789.0
114,6276,安鈦克,23.0,743.0,817.0
107,6277,宏正,605.0,,1174.0
108,6277,宏正,659.0,874.0,1036.0
109,6277,宏正,662.0,923.0,1098.0
110,6277,宏正,651.0,929.0,1087.0
111,6277,宏正,624.0,1015.0,1203.0
112,6277,宏正,665.0,948.0,1115.0
113,6277,宏正,655.0,954.0,1125.0
114,6277,宏正,646.0,993.0,1148.0
107,6278,台表科,664.0,,546.0
108,6278,台表科,806.0,490.0,591.0
109,6278,台表科,958.0,513.0,628.0
110,6278,台表科,899.0,539.0,665.0
111,6278,台表科,812.0,576.0,708.0
112,6278,台表科,822.0,514.0,655.0
113,6278,台表科,779.0,544.0,694.0
114,6278,台表科,749.0,589.0,747.0
107,6279,胡連,443.0,,659.0
108,6279,胡連,423.0,604.0,661.0
109,6279,胡連,402.0,626.0,693.0
110,6279,胡連,399.0,714.0,807.0
111,6279,胡連,399.0,678.0,924.0
112,6279,胡連,509.0,671.0,819.0
113,6279,胡連,574.0,684.0,832.0
114,6279,胡連,623.0,694.0,832.0
107,6282,康舒,1197.0,,869.0
108,6282,康舒,1277.0,789.0,958.0
109,6282,康舒,1457.0,777.0,983.0
110,6282,康舒,1530.0,767.0,988.0
111,6282,康舒,1503.0,892.0,1119.0
112,6282,康舒,1609.0,864.0,1065.0
113,6282,康舒,1486.0,895.0,1091.0
114,6282,康舒,1423.0,983.0,1200.0
107,6284,佳邦,613.0,,664.0
108,6284,佳邦,449.0,466.0,502.0
109,6284,佳邦,540.0,521.0,536.0
110,6284,佳邦,720.0,562.0,592.0
111,6284,佳邦,812.0,493.0,618.0
112,6284,佳邦,862.0,610.0,696.0
113,6284,佳邦,869.0,651.0,789.0
114,6284,佳邦,844.0,586.0,766.0
110,6287,元隆,415.0,478.0,566.0
111,6287,元隆,401.0,489.0,597.0
112,6287,元隆,411.0,516.0,601.0
107,6290,良維,51.0,,894.0
108,6290,良維,47.0,720.0,971.0
109,6290,良維,47.0,777.0,1013.0
110,6290,良維,49.0,789.0,1008.0
111,6290,良維,49.0,841.0,1085.0
112,6290,良維,52.0,805.0,1080.0
113,6290,良維,52.0,850.0,1117.0
114,6290,良維,50.0,898.0,1141.0
107,6291,沛亨,54.0,,891.0
108,6291,沛亨,33.0,946.0,1055.0
109,6291,沛亨,21.0,918.0,923.0
110,6291,沛亨,21.0,971.0,960.0
111,6291,沛亨,22.0,964.0,1005.0
112,6291,沛亨,20.0,922.0,899.0
113,6291,沛亨,17.0,1037.0,933.0
114,6291,沛亨,17.0,1038.0,965.0
107,6292,迅德,36.0,,1085.0
108,6292,迅德,35.0,781.0,1123.0
109,6292,迅德,38.0,757.0,924.0
110,6292,迅德,38.0,667.0,880.0
111,6292,迅德,39.0,692.0,997.0
112,6292,迅德,37.0,934.0,1304.0
113,6292,迅德,37.0,860.0,911.0
114,6292,迅德,35.0,838.0,907.0
107,6405,悅城,395.0,,522.0
108,6405,悅城,310.0,512.0,551.0
109,6405,悅城,263.0,548.0,578.0
110,6405,悅城,250.0,648.0,669.0
111,6405,悅城,248.0,548.0,592.0
112,6405,悅城,194.0,469.0,537.0
113,6405,悅城,111.0,459.0,557.0
114,6405,悅城,34.0,629.0,756.0
107,6411,晶焱,85.0,,2409.0
108,6411,晶焱,88.0,805.0,2323.0
109,6411,晶焱,100.0,794.0,2271.0
110,6411,晶焱,110.0,837.0,2976.0
111,6411,晶焱,112.0,1459.0,1810.0
112,6411,晶焱,120.0,1592.0,1951.0
113,6411,晶焱,129.0,1687.0,2013.0
114,6411,晶焱,117.0,1636.0,1980.0
107,6412,群電,641.0,,1322.0
108,6412,群電,701.0,1182.0,1415.0
109,6412,群電,764.0,1297.0,1488.0
110,6412,群電,768.0,1352.0,1616.0
111,6412,群電,716.0,1537.0,1771.0
112,6412,群電,742.0,1626.0,1830.0
113,6412,群電,781.0,1691.0,1888.0
114,6412,群電,805.0,1500.0,1613.0
107,6414,樺漢,170.0,,1099.0
108,6414,樺漢,162.0,1020.0,1124.0
109,6414,樺漢,155.0,907.0,966.0
110,6414,樺漢,152.0,1044.0,1118.0
111,6414,樺漢,153.0,1163.0,1287.0
112,6414,樺漢,172.0,1136.0,1347.0
113,6414,樺漢,171.0,1256.0,1449.0
114,6414,樺漢,187.0,1291.0,1449.0
107,6418,詠昇,41.0,,504.0
108,6418,詠昇,42.0,495.0,538.0
109,6418,詠昇,40.0,477.0,497.0
110,6418,詠昇,39.0,474.0,502.0
111,6418,詠昇,39.0,531.0,556.0
112,6418,詠昇,37.0,547.0,584.0
113,6418,詠昇,34.0,559.0,604.0
114,6418,詠昇,32.0,558.0,638.0
107,6419,京晨科,71.0,,830.0
108,6419,京晨科,104.0,504.0,730.0
110,6419,京晨科,42.0,602.0,756.0
111,6419,京晨科,35.0,552.0,742.0
112,6419,京晨科,29.0,683.0,829.0
113,6419,京晨科,24.0,784.0,881.0
114,6419,京晨科,22.0,802.0,913.0
113,6423,億而得-創,55.0,1160.0,1247.0
114,6423,億而得,62.0,1158.0,1227.0
107,6432,今展科,66.0,,793.0
108,6432,今展科,64.0,642.0,717.0
109,6432,今展科,70.0,658.0,746.0
110,6432,今展科,77.0,760.0,842.0
111,6432,今展科,79.0,675.0,778.0
112,6432,今展科,74.0,686.0,790.0
113,6432,今展科,72.0,717.0,823.0
114,6432,今展科,66.0,710.0,816.0
107,6435,大中,64.0,,1665.0
108,6435,大中,65.0,1167.0,1293.0
109,6435,大中,72.0,1409.0,1525.0
110,6435,大中,80.0,1829.0,1983.0
111,6435,大中,85.0,1879.0,1925.0
112,6435,大中,93.0,1427.0,1478.0
113,6435,大中,92.0,1623.0,1698.0
114,6435,大中,92.0,1853.0,1881.0
107,6441,廣錠,83.0,,600.0
108,6441,廣錠,81.0,547.0,592.0
109,6441,廣錠,117.0,498.0,564.0
110,6441,廣錠,122.0,459.0,525.0
111,6441,廣錠,83.0,469.0,515.0
112,6441,廣錠,103.0,427.0,511.0
113,6441,廣錠,104.0,426.0,536.0
114,6441,廣錠,95.0,528.0,591.0
107,6443,元晶,1251.0,,482.0
108,6443,元晶,1017.0,424.0,507.0
109,6443,元晶,1042.0,485.0,572.0
110,6443,元晶,1213.0,479.0,568.0
111,6443,元晶,1542.0,479.0,571.0
112,6443,元晶,1706.0,476.0,561.0
113,6443,元晶,1483.0,491.0,588.0
114,6443,元晶,910.0,497.0,614.0
107,6449,鈺邦,69.0,,984.0
108,6449,鈺邦,73.0,698.0,879.0
109,6449,鈺邦,86.0,800.0,977.0
110,6449,鈺邦,92.0,777.0,984.0
111,6449,鈺邦,103.0,816.0,1056.0
112,6449,鈺邦,109.0,788.0,1096.0
113,6449,鈺邦,120.0,943.0,1272.0
114,6449,鈺邦,131.0,999.0,1368.0
110,6457,紘康,82.0,1746.0,1904.0
111,6457,紘康,81.0,1122.0,1245.0
112,6457,紘康,73.0,1006.0,1081.0
107,6462,神盾,158.0,,1486.0
108,6462,神盾,226.0,1284.0,1601.0
109,6462,神盾,348.0,1202.0,1470.0
110,6462,神盾,291.0,1228.0,1494.0
111,6462,神盾,261.0,1388.0,1735.0
112,6462,神盾,222.0,1310.0,1700.0
113,6462,神盾,209.0,1319.0,1657.0
114,6462,神盾,174.0,1335.0,1754.0
107,6477,安集,244.0,,466.0
108,6477,安集,236.0,438.0,463.0
109,6477,安集,242.0,472.0,494.0
110,6477,安集,219.0,461.0,480.0
111,6477,安集,197.0,562.0,599.0
112,6477,安集,214.0,480.0,526.0
113,6477,安集,136.0,505.0,557.0
114,6477,安集,92.0,613.0,641.0
107,6485,點序,217.0,,835.0
108,6485,點序,237.0,550.0,876.0
109,6485,點序,222.0,771.0,968.0
110,6485,點序,195.0,874.0,1076.0
111,6485,點序,226.0,1108.0,1375.0
112,6485,點序,256.0,1067.0,1262.0
113,6485,點序,268.0,974.0,1140.0
114,6485,點序,285.0,950.0,1127.0
107,6488,環球晶,576.0,,1409.0
108,6488,環球晶,601.0,1460.0,1489.0
109,6488,環球晶,1453.0,1068.0,1104.0
110,6488,環球晶,1563.0,1124.0,1205.0
111,6488,環球晶,1593.0,1228.0,1307.0
112,6488,環球晶,1618.0,1280.0,1386.0
113,6488,環球晶,1638.0,1101.0,1205.0
114,6488,環球晶,1552.0,1145.0,1216.0
107,6494,九齊,110.0,,1154.0
108,6494,九齊,105.0,1111.0,1277.0
109,6494,九齊,107.0,1177.0,1316.0
110,6494,九齊,109.0,1623.0,1875.0
111,6494,九齊,109.0,2349.0,2794.0
112,6494,九齊,115.0,2265.0,2459.0
113,6494,九齊,117.0,1520.0,1609.0
114,6494,九齊,118.0,1660.0,1759.0
114,6498,久禾光,29.0,808.0,1486.0
107,6510,精測,805.0,,996.0
108,6510,精測,850.0,887.0,967.0
109,6510,精測,928.0,917.0,1012.0
110,6510,精測,998.0,934.0,1006.0
111,6510,精測,1052.0,917.0,1002.0
112,6510,精測,1083.0,838.0,901.0
113,6510,精測,1036.0,843.0,931.0
114,6510,精測,1015.0,1047.0,1148.0
109,6515,穎崴,556.0,802.0,932.0
110,6515,穎崴,557.0,763.0,909.0
111,6515,穎崴,572.0,1105.0,1318.0
112,6515,穎崴,648.0,798.0,1081.0
113,6515,穎崴,741.0,915.0,1129.0
114,6515,穎崴,822.0,1284.0,1551.0
111,6517,保勝光學,230.0,448.0,505.0
112,6517,保勝光學,222.0,438.0,528.0
113,6517,保勝光學,208.0,474.0,563.0
114,6517,保勝光學,205.0,492.0,580.0
112,6526,達發,798.0,2347.0,2804.0
113,6526,達發,774.0,3049.0,3571.0
114,6526,達發,877.0,2805.0,3533.0
107,6531,愛普*,112.0,,1591.0
108,6531,愛普*,106.0,1312.0,1424.0
109,6531,愛普*,77.0,1254.0,1589.0
110,6531,愛普*,103.0,1999.0,2594.0
111,6531,愛普*,129.0,1674.0,2055.0
112,6531,愛普*,139.0,1573.0,2008.0
113,6531,愛普*,163.0,1523.0,1993.0
114,6531,愛普*,178.0,1707.0,2101.0
107,6532,瑞耘,119.0,,601.0
108,6532,瑞耘,116.0,558.0,607.0
109,6532,瑞耘,123.0,572.0,630.0
110,6532,瑞耘,115.0,583.0,640.0
111,6532,瑞耘,109.0,634.0,687.0
112,6532,瑞耘,127.0,594.0,653.0
113,6532,瑞耘,130.0,596.0,652.0
114,6532,瑞耘,122.0,655.0,734.0
107,6533,晶心科,142.0,,1328.0
108,6533,晶心科,161.0,1306.0,1517.0
109,6533,晶心科,174.0,1391.0,1539.0
110,6533,晶心科,192.0,1537.0,1824.0
111,6533,晶心科,254.0,2057.0,2517.0
112,6533,晶心科,343.0,1916.0,2269.0
113,6533,晶心科,374.0,1917.0,2298.0
114,6533,晶心科,360.0,2052.0,2479.0
107,6538,倉和,235.0,,494.0
108,6538,倉和,208.0,537.0,609.0
109,6538,倉和,219.0,564.0,678.0
110,6538,倉和,215.0,525.0,644.0
111,6538,倉和,208.0,533.0,662.0
112,6538,倉和,227.0,519.0,667.0
113,6538,倉和,213.0,575.0,698.0
114,6538,倉和,184.0,629.0,727.0
107,6548,長科*,164.0,,543.0
108,6548,長科*,175.0,484.0,565.0
109,6548,長科*,159.0,503.0,568.0
110,6548,長科*,195.0,616.0,681.0
111,6548,長科*,731.0,662.0,757.0
112,6548,長科*,794.0,568.0,637.0
113,6548,長科*,833.0,669.0,761.0
114,6548,長科*,917.0,671.0,764.0
107,6552,易華電,576.0,,474.0
108,6552,易華電,636.0,464.0,527.0
109,6552,易華電,680.0,447.0,500.0
110,6552,易華電,659.0,473.0,526.0
111,6552,易華電,540.0,471.0,524.0
112,6552,易華電,518.0,460.0,490.0
113,6552,易華電,552.0,499.0,532.0
114,6552,易華電,526.0,482.0,523.0
107,6556,勝品,303.0,,643.0
108,6556,勝品,319.0,564.0,631.0
110,6556,勝品,369.0,559.0,661.0
111,6556,勝品,373.0,606.0,714.0
112,6556,勝品,366.0,516.0,671.0
113,6556,勝品,325.0,567.0,686.0
114,6556,勝品,285.0,653.0,730.0
107,6560,欣普羅,47.0,,962.0
108,6560,欣普羅,48.0,935.0,1063.0
110,6560,欣普羅,46.0,1192.0,1382.0
111,6560,欣普羅,47.0,1202.0,1351.0
112,6560,欣普羅,45.0,753.0,1157.0
113,6560,欣普羅,47.0,792.0,1035.0
114,6560,欣普羅,47.0,937.0,1074.0
107,6568,宏觀,49.0,,1665.0
108,6568,宏觀,57.0,1468.0,1640.0
109,6568,宏觀,67.0,1506.0,1701.0
110,6568,宏觀,87.0,1402.0,1594.0
111,6568,宏觀,94.0,1374.0,1540.0
112,6568,宏觀,85.0,1340.0,1432.0
113,6568,宏觀,77.0,1512.0,1695.0
114,6568,宏觀,81.0,1642.0,1763.0
107,6570,維田,92.0,,617.0
108,6570,維田,94.0,597.0,705.0
109,6570,維田,99.0,561.0,636.0
110,6570,維田,100.0,639.0,714.0
111,6570,維田,103.0,791.0,851.0
112,6570,維田,110.0,694.0,763.0
113,6570,維田,118.0,678.0,766.0
114,6570,維田,119.0,677.0,770.0
107,6577,勁豐,163.0,,762.0
108,6577,勁豐,163.0,711.0,839.0
109,6577,勁豐,162.0,738.0,789.0
110,6577,勁豐,158.0,755.0,844.0
111,6577,勁豐,157.0,841.0,912.0
112,6577,勁豐,162.0,867.0,1003.0
113,6577,勁豐,179.0,853.0,1006.0
114,6577,勁豐,174.0,859.0,985.0
107,6579,研揚,450.0,,878.0
108,6579,研揚,442.0,811.0,915.0
109,6579,研揚,459.0,801.0,896.0
110,6579,研揚,446.0,817.0,946.0
111,6579,研揚,455.0,959.0,1150.0
112,6579,研揚,493.0,891.0,1053.0
113,6579,研揚,494.0,905.0,1015.0
114,6579,研揚,511.0,954.0,1131.0
112,6584,南俊國際,478.0,427.0,481.0
113,6584,南俊國際,550.0,487.0,539.0
114,6584,南俊國際,549.0,499.0,555.0
114,6597,立誠,193.0,626.0,697.0
107,6640,均華,136.0,,1024.0
108,6640,均華,146.0,676.0,865.0
109,6640,均華,141.0,837.0,899.0
110,6640,均華,150.0,845.0,1151.0
111,6640,均華,153.0,1084.0,1152.0
112,6640,均華,161.0,1016.0,1061.0
113,6640,均華,174.0,1157.0,1237.0
114,6640,均華,239.0,1219.0,1295.0
108,6642,富致,134.0,439.0,550.0
109,6642,富致,135.0,461.0,571.0
110,6642,富致,127.0,509.0,660.0
111,6642,富致,127.0,462.0,647.0
112,6642,富致,117.0,482.0,596.0
113,6642,富致,118.0,531.0,679.0
114,6642,富致,119.0,532.0,635.0
108,6643,M31,140.0,1709.0,1783.0
109,6643,M31,152.0,1663.0,1940.0
110,6643,M31,190.0,1633.0,1961.0
111,6643,M31,221.0,1976.0,2367.0
112,6643,M31,244.0,2022.0,2419.0
113,6643,M31,268.0,1758.0,2058.0
114,6643,M31,296.0,1800.0,2177.0
109,6651,全宇昕,85.0,772.0,988.0
110,6651,全宇昕,82.0,818.0,1131.0
111,6651,全宇昕,84.0,778.0,1232.0
112,6651,全宇昕,88.0,730.0,1103.0
113,6651,全宇昕,89.0,793.0,1146.0
114,6651,全宇昕,83.0,819.0,1179.0
107,6664,群翊,201.0,,882.0
108,6664,群翊,206.0,807.0,853.0
109,6664,群翊,208.0,837.0,872.0
110,6664,群翊,212.0,892.0,923.0
111,6664,群翊,232.0,883.0,942.0
112,6664,群翊,244.0,900.0,946.0
113,6664,群翊,236.0,909.0,970.0
114,6664,群翊,238.0,1034.0,1092.0
107,6668,中揚光,242.0,,694.0
108,6668,中揚光,299.0,597.0,671.0
109,6668,中揚光,381.0,648.0,710.0
110,6668,中揚光,390.0,670.0,729.0
111,6668,中揚光,307.0,609.0,706.0
112,6668,中揚光,249.0,531.0,668.0
113,6668,中揚光,220.0,639.0,722.0
114,6668,中揚光,216.0,686.0,797.0
108,6669,緯穎,603.0,1302.0,1612.0
109,6669,緯穎,1359.0,881.0,1161.0
110,6669,緯穎,1654.0,978.0,1158.0
111,6669,緯穎,2172.0,957.0,1260.0
112,6669,緯穎,2895.0,910.0,1291.0
113,6669,緯穎,4210.0,774.0,1035.0
114,6669,緯穎,1296.0,2270.0,2797.0
108,6679,鈺太,36.0,811.0,870.0
109,6679,鈺太,38.0,928.0,992.0
110,6679,鈺太,43.0,1120.0,1308.0
111,6679,鈺太,44.0,1088.0,1448.0
112,6679,鈺太,50.0,1002.0,1114.0
113,6679,鈺太,58.0,1202.0,1344.0
114,6679,鈺太,58.0,1237.0,1366.0
108,6680,鑫創電子,39.0,607.0,685.0
109,6680,鑫創電子,38.0,767.0,804.0
110,6680,鑫創電子,39.0,626.0,803.0
111,6680,鑫創電子,56.0,699.0,874.0
112,6680,鑫創電子,78.0,723.0,797.0
113,6680,鑫創電子,94.0,705.0,803.0
114,6680,鑫創電子,99.0,705.0,842.0
108,6683,雍智科技,187.0,722.0,836.0
109,6683,雍智科技,222.0,780.0,920.0
110,6683,雍智科技,250.0,760.0,909.0
111,6683,雍智科技,273.0,765.0,933.0
112,6683,雍智科技,296.0,649.0,834.0
113,6683,雍智科技,284.0,901.0,1130.0
114,6683,雍智科技,299.0,910.0,1096.0
110,6684,安格,64.0,1148.0,1202.0
111,6684,安格,68.0,1261.0,1391.0
112,6684,安格,82.0,1151.0,1304.0
113,6684,安格,97.0,1204.0,1345.0
114,6684,安格,60.0,1178.0,1257.0
111,6693,廣閎科,60.0,928.0,1105.0
112,6693,廣閎科,60.0,776.0,1012.0
113,6693,廣閎科,70.0,908.0,1162.0
114,6693,廣閎科,81.0,857.0,1147.0
111,6695,芯鼎,157.0,1430.0,1618.0
112,6695,芯鼎,157.0,1517.0,1616.0
113,6695,芯鼎,158.0,1561.0,1661.0
114,6695,芯鼎,159.0,1567.0,1707.0
108,6706,惠特,293.0,700.0,838.0
109,6706,惠特,332.0,664.0,833.0
110,6706,惠特,578.0,671.0,997.0
111,6706,惠特,545.0,663.0,898.0
112,6706,惠特,442.0,626.0,764.0
113,6706,惠特,372.0,657.0,772.0
114,6706,惠特,361.0,631.0,731.0
111,6708,天擎,58.0,1109.0,1192.0
112,6708,天擎,60.0,1083.0,1147.0
113,6708,天擎,60.0,1019.0,1084.0
114,6708,天擎,59.0,1093.0,1160.0
108,6715,嘉基,43.0,872.0,1009.0
109,6715,嘉基,56.0,894.0,1003.0
110,6715,嘉基,72.0,953.0,1047.0
111,6715,嘉基,75.0,1069.0,1168.0
112,6715,嘉基,83.0,952.0,1042.0
113,6715,嘉基,86.0,924.0,1055.0
114,6715,嘉基,79.0,867.0,1002.0
108,6716,應廣,46.0,1120.0,1371.0
109,6716,應廣,45.0,1457.0,1690.0
110,6716,應廣,56.0,1724.0,2113.0
111,6716,應廣,61.0,1479.0,1780.0
112,6716,應廣,67.0,1209.0,1414.0
113,6716,應廣,71.0,1400.0,1710.0
114,6716,應廣,83.0,1393.0,1560.0
110,6719,力智,245.0,1573.0,1877.0
111,6719,力智,262.0,1717.0,2062.0
112,6719,力智,270.0,1135.0,1265.0
113,6719,力智,276.0,1282.0,1480.0
114,6719,力智,246.0,1650.0,1917.0
113,6720,久昌,22.0,752.0,1012.0
114,6720,久昌,26.0,1191.0,1540.0
109,6727,亞泰金屬,99.0,722.0,799.0
110,6727,亞泰金屬,103.0,736.0,818.0
111,6727,亞泰金屬,116.0,701.0,830.0
112,6727,亞泰金屬,128.0,576.0,699.0
113,6727,亞泰金屬,122.0,630.0,754.0
114,6727,亞泰金屬,120.0,691.0,803.0
109,6732,昇佳電子,132.0,2132.0,2355.0
110,6732,昇佳電子,166.0,2928.0,3346.0
111,6732,昇佳電子,180.0,2116.0,2352.0
112,6732,昇佳電子,182.0,2066.0,2204.0
113,6732,昇佳電子,190.0,1960.0,2166.0
114,6732,昇佳電子,194.0,1648.0,1759.0
112,6742,澤米,229.0,581.0,666.0
113,6742,澤米,210.0,571.0,653.0
114,6742,澤米,215.0,572.0,648.0
109,6756,威鋒電子,163.0,1501.0,1757.0
110,6756,威鋒電子,169.0,1714.0,2389.0
111,6756,威鋒電子,170.0,1745.0,2502.0
112,6756,威鋒電子,176.0,1661.0,2054.0
113,6756,威鋒電子,181.0,1743.0,2024.0
114,6756,威鋒電子,177.0,1747.0,2023.0
110,6761,穩得,109.0,818.0,889.0
111,6761,穩得,119.0,732.0,878.0
112,6761,穩得,135.0,732.0,897.0
113,6761,穩得,145.0,746.0,922.0
114,6761,穩得,149.0,795.0,937.0
110,6770,力積電,7357.0,1315.0,1501.0
111,6770,力積電,7943.0,1453.0,1677.0
112,6770,力積電,8146.0,1045.0,1097.0
113,6770,力積電,8330.0,1181.0,1245.0
114,6770,力積電,8288.0,1156.0,1242.0
110,6788,華景電,138.0,884.0,970.0
111,6788,華景電,145.0,1011.0,1119.0
112,6788,華景電,144.0,888.0,967.0
113,6788,華景電,150.0,1137.0,1261.0
114,6788,華景電,168.0,1286.0,1426.0
110,6789,采鈺,1256.0,1086.0,1381.0
111,6789,采鈺,1356.0,1069.0,1334.0
112,6789,采鈺,1382.0,1019.0,1230.0
113,6789,采鈺,1442.0,1015.0,1182.0
114,6789,采鈺,1481.0,1135.0,1345.0
111,6799,來頡,33.0,1562.0,1704.0
112,6799,來頡,31.0,956.0,1024.0
113,6799,來頡,35.0,1110.0,1210.0
114,6799,來頡,37.0,1219.0,1295.0
112,6805,富世達,72.0,782.0,861.0
113,6805,富世達,88.0,706.0,869.0
114,6805,富世達,98.0,813.0,971.0
112,6821,聯寶,52.0,690.0,832.0
113,6821,聯寶,57.0,594.0,841.0
114,6821,聯寶,60.0,600.0,843.0
111,6823,濾能,142.0,591.0,713.0
112,6823,濾能,158.0,538.0,616.0
113,6823,濾能,167.0,500.0,571.0
114,6823,濾能,166.0,499.0,563.0
113,6829,千附精密,471.0,632.0,690.0
114,6829,千附精密,506.0,652.0,687.0
114,6831,邁科,73.0,846.0,1055.0
111,6834,天二科技,374.0,495.0,535.0
112,6834,天二科技,402.0,442.0,483.0
113,6834,天二科技,389.0,487.0,543.0
114,6834,天二科技,398.0,525.0,574.0
111,6835,圓裕,43.0,738.0,800.0
112,6835,圓裕,46.0,743.0,804.0
113,6835,圓裕,46.0,826.0,898.0
114,6835,圓裕,48.0,727.0,807.0
111,6859,伯特光,279.0,524.0,572.0
112,6859,伯特光,297.0,524.0,583.0
113,6859,伯特光,303.0,546.0,594.0
114,6859,伯特光,310.0,577.0,631.0
112,6895,宏碩系統,82.0,572.0,666.0
113,6895,宏碩系統,84.0,611.0,683.0
114,6895,宏碩系統,109.0,597.0,689.0
113,6899,創為精密,285.0,496.0,608.0
114,6899,創為精密,284.0,530.0,639.0
114,6909,創控,114.0,932.0,1036.0
113,6913,鴻呈,50.0,795.0,933.0
114,6913,鴻呈,63.0,872.0,1071.0
112,6916,華凌,184.0,613.0,630.0
113,6916,華凌,213.0,613.0,664.0
114,6916,華凌,265.0,628.0,681.0
114,6921,嘉雨思-創,22.0,1163.0,1385.0
112,6922,宸曜,137.0,809.0,944.0
113,6922,宸曜,164.0,972.0,1091.0
114,6922,宸曜,173.0,971.0,1118.0
113,6928,攸泰科技,334.0,791.0,932.0
114,6928,攸泰科技,316.0,819.0,958.0
112,6937,天虹,254.0,766.0,940.0
113,6937,天虹,288.0,755.0,875.0
114,6937,天虹,307.0,808.0,975.0
113,6953,家碩,111.0,1405.0,1640.0
114,6953,家碩,118.0,1539.0,1668.0
113,6967,汎瑋材料,56.0,570.0,646.0
114,6967,汎瑋材料,56.0,631.0,729.0
113,6996,力領科技,106.0,2570.0,2723.0
114,6996,力領科技,117.0,2569.0,2634.0
107,7402,邑錡,49.0,,881.0
108,7402,邑錡,50.0,708.0,839.0
110,7402,邑錡,56.0,775.0,874.0
111,7402,邑錡,50.0,749.0,891.0
112,7402,邑錡,54.0,766.0,955.0
113,7402,邑錡,57.0,787.0,988.0
114,7402,邑錡,58.0,857.0,1061.0
109,7556,意德士科技,21.0,683.0,754.0
110,7556,意德士科技,20.0,832.0,845.0
111,7556,意德士科技,22.0,844.0,956.0
112,7556,意德士科技,32.0,717.0,862.0
113,7556,意德士科技,31.0,668.0,759.0
114,7556,意德士科技,30.0,674.0,835.0
113,7704,明遠精密,128.0,872.0,990.0
114,7704,明遠精密,121.0,800.0,884.0
114,7711,永擎,346.0,1287.0,1444.0
113,7712,博盛半導體,54.0,1364.0,1614.0
114,7712,博盛半導體,60.0,1091.0,1271.0
114,7730,暉盛-創,58.0,717.0,913.0
113,7734,印能科技,94.0,1161.0,1313.0
114,7734,印能科技,106.0,1117.0,1319.0
114,7744,崴寶,6.0,863.0,1324.0
114,7751,竑騰,135.0,1338.0,1478.0
114,7753,星亞,134.0,743.0,879.0
114,7769,鴻勁,602.0,2667.0,3280.0
114,7770,君曜,23.0,1337.0,1493.0
114,7788,松川精密,826.0,500.0,594.0
114,7795,長廣,41.0,894.0,964.0
114,7810,捷創科技,238.0,822.0,934.0
114,7828,創新服務,93.0,1089.0,1220.0
107,8016,矽創,364.0,,1799.0
108,8016,矽創,385.0,1655.0,1803.0
109,8016,矽創,375.0,1831.0,1954.0
110,8016,矽創,363.0,3885.0,4263.0
111,8016,矽創,335.0,3270.0,3641.0
112,8016,矽創,356.0,2327.0,2493.0
113,8016,矽創,374.0,2241.0,2400.0
114,8016,矽創,385.0,2245.0,2361.0
107,8024,佑華,101.0,,898.0
108,8024,佑華,97.0,803.0,898.0
109,8024,佑華,94.0,821.0,879.0
110,8024,佑華,84.0,967.0,1076.0
111,8024,佑華,82.0,1120.0,1174.0
112,8024,佑華,78.0,882.0,968.0
113,8024,佑華,80.0,893.0,957.0
114,8024,佑華,81.0,901.0,980.0
107,8028,昇陽半導體,547.0,,721.0
108,8028,昇陽半導體,666.0,704.0,766.0
109,8028,昇陽半導體,771.0,714.0,741.0
110,8028,昇陽半導體,810.0,688.0,713.0
111,8028,昇陽半導體,900.0,729.0,768.0
112,8028,昇陽半導體,981.0,705.0,795.0
113,8028,昇陽半導體,792.0,727.0,822.0
114,8028,昇陽半導體,827.0,747.0,880.0
107,8038,長園科,44.0,,611.0
108,8038,長園科,46.0,428.0,617.0
109,8038,長園科,44.0,439.0,601.0
110,8038,長園科,34.0,499.0,651.0
111,8038,長園科,29.0,521.0,576.0
112,8038,長園科,31.0,499.0,554.0
113,8038,長園科,23.0,537.0,632.0
114,8038,長園科,30.0,429.0,549.0
107,8039,台虹,709.0,,802.0
108,8039,台虹,701.0,677.0,760.0
109,8039,台虹,700.0,713.0,791.0
110,8039,台虹,759.0,727.0,811.0
111,8039,台虹,803.0,740.0,828.0
112,8039,台虹,786.0,705.0,776.0
113,8039,台虹,770.0,829.0,891.0
114,8039,台虹,924.0,706.0,823.0
107,8040,九暘,128.0,,1387.0
108,8040,九暘,118.0,1475.0,1607.0
109,8040,九暘,117.0,1290.0,1380.0
110,8040,九暘,102.0,1504.0,1603.0
111,8040,九暘,101.0,1615.0,1729.0
112,8040,九暘,102.0,1460.0,1579.0
113,8040,九暘,106.0,1592.0,1841.0
114,8040,九暘,101.0,1456.0,1574.0
107,8042,金山電,69.0,,648.0
108,8042,金山電,53.0,468.0,618.0
109,8042,金山電,55.0,525.0,668.0
110,8042,金山電,58.0,606.0,731.0
111,8042,金山電,58.0,560.0,726.0
112,8042,金山電,61.0,543.0,705.0
113,8042,金山電,59.0,583.0,732.0
114,8042,金山電,57.0,557.0,755.0
107,8043,蜜望實,86.0,,1376.0
108,8043,蜜望實,89.0,511.0,648.0
109,8043,蜜望實,91.0,583.0,670.0
110,8043,蜜望實,89.0,612.0,772.0
111,8043,蜜望實,88.0,601.0,817.0
112,8043,蜜望實,90.0,550.0,661.0
113,8043,蜜望實,83.0,765.0,896.0
114,8043,蜜望實,80.0,657.0,785.0
107,8046,南電,5484.0,,842.0
108,8046,南電,5622.0,830.0,865.0
109,8046,南電,5745.0,990.0,1021.0
110,8046,南電,5825.0,1147.0,1184.0
111,8046,南電,6252.0,1131.0,1190.0
112,8046,南電,6559.0,872.0,910.0
113,8046,南電,6004.0,764.0,807.0
114,8046,南電,5676.0,940.0,1012.0
107,8049,晶采,159.0,,684.0
108,8049,晶采,153.0,488.0,628.0
110,8049,晶采,139.0,588.0,766.0
111,8049,晶采,135.0,726.0,941.0
112,8049,晶采,148.0,622.0,834.0
113,8049,晶采,142.0,582.0,763.0
114,8049,晶采,135.0,604.0,775.0
107,8050,廣積,438.0,,610.0
108,8050,廣積,439.0,601.0,716.0
109,8050,廣積,460.0,529.0,632.0
110,8050,廣積,476.0,573.0,715.0
111,8050,廣積,533.0,713.0,909.0
112,8050,廣積,661.0,633.0,845.0
113,8050,廣積,671.0,597.0,772.0
114,8050,廣積,712.0,554.0,718.0
107,8054,安國,122.0,,1155.0
108,8054,安國,94.0,1024.0,1128.0
109,8054,安國,72.0,1037.0,1158.0
110,8054,安國,64.0,1296.0,1461.0
111,8054,安國,65.0,1140.0,1262.0
112,8054,安國,41.0,1194.0,1508.0
113,8054,安國,22.0,982.0,1196.0
114,8054,安國,61.0,1246.0,1629.0
107,8064,東捷,505.0,,860.0
108,8064,東捷,557.0,739.0,812.0
110,8064,東捷,515.0,808.0,882.0
111,8064,東捷,462.0,847.0,909.0
112,8064,東捷,454.0,799.0,896.0
113,8064,東捷,439.0,825.0,903.0
114,8064,東捷,415.0,872.0,941.0
107,8069,元太,877.0,,1065.0
108,8069,元太,879.0,923.0,1067.0
110,8069,元太,891.0,1100.0,1285.0
111,8069,元太,1140.0,1089.0,1302.0
112,8069,元太,1365.0,1234.0,1418.0
113,8069,元太,1293.0,1270.0,1442.0
114,8069,元太,1310.0,1327.0,1516.0
107,8071,能率網通,67.0,,604.0
108,8071,能率網通,23.0,438.0,550.0
109,8071,能率網通,11.0,518.0,539.0
110,8071,能率網通,9.0,576.0,568.0
111,8071,能率網通,15.0,590.0,592.0
112,8071,能率網通,15.0,545.0,576.0
113,8071,能率網通,18.0,588.0,639.0
114,8071,能率網通,18.0,579.0,668.0
107,8074,鉅橡,272.0,,561.0
108,8074,鉅橡,237.0,511.0,556.0
109,8074,鉅橡,233.0,519.0,563.0
110,8074,鉅橡,230.0,555.0,591.0
111,8074,鉅橡,238.0,527.0,577.0
112,8074,鉅橡,238.0,511.0,558.0
113,8074,鉅橡,238.0,547.0,620.0
114,8074,鉅橡,241.0,576.0,659.0
107,8076,伍豐,242.0,,765.0
108,8076,伍豐,219.0,736.0,819.0
109,8076,伍豐,227.0,634.0,703.0
110,8076,伍豐,220.0,714.0,831.0
111,8076,伍豐,214.0,815.0,961.0
112,8076,伍豐,210.0,707.0,846.0
113,8076,伍豐,207.0,748.0,927.0
114,8076,伍豐,199.0,769.0,896.0
107,8081,致新,310.0,,1597.0
108,8081,致新,320.0,1568.0,1662.0
109,8081,致新,329.0,1817.0,1953.0
110,8081,致新,338.0,2470.0,2601.0
111,8081,致新,329.0,2306.0,2592.0
112,8081,致新,329.0,2044.0,2250.0
113,8081,致新,341.0,2176.0,2303.0
114,8081,致新,356.0,2202.0,2316.0
107,8086,宏捷科,497.0,,615.0
108,8086,宏捷科,494.0,662.0,722.0
109,8086,宏捷科,603.0,668.0,739.0
110,8086,宏捷科,815.0,746.0,823.0
111,8086,宏捷科,789.0,592.0,653.0
112,8086,宏捷科,726.0,662.0,715.0
113,8086,宏捷科,867.0,656.0,698.0
114,8086,宏捷科,782.0,687.0,756.0
107,8088,品安,465.0,,438.0
108,8088,品安,554.0,379.0,531.0
109,8088,品安,604.0,355.0,490.0
110,8088,品安,596.0,409.0,471.0
111,8088,品安,550.0,452.0,548.0
112,8088,品安,547.0,425.0,537.0
113,8088,品安,502.0,450.0,509.0
114,8088,品安,294.0,492.0,572.0
107,8091,翔名,304.0,,827.0
108,8091,翔名,303.0,592.0,718.0
109,8091,翔名,305.0,695.0,780.0
110,8091,翔名,327.0,665.0,788.0
111,8091,翔名,362.0,626.0,746.0
112,8091,翔名,345.0,631.0,717.0
113,8091,翔名,377.0,713.0,793.0
114,8091,翔名,380.0,734.0,820.0
107,8093,保銳,61.0,,638.0
108,8093,保銳,58.0,622.0,663.0
109,8093,保銳,60.0,651.0,722.0
110,8093,保銳,78.0,569.0,651.0
111,8093,保銳,53.0,554.0,611.0
112,8093,保銳,54.0,662.0,685.0
113,8093,保銳,46.0,701.0,768.0
114,8093,保銳,29.0,703.0,813.0
114,8102,傑霖科技,30.0,972.0,1042.0
107,8103,瀚荃,156.0,,800.0
108,8103,瀚荃,159.0,727.0,807.0
109,8103,瀚荃,162.0,720.0,831.0
110,8103,瀚荃,160.0,790.0,928.0
111,8103,瀚荃,164.0,788.0,933.0
112,8103,瀚荃,157.0,762.0,842.0
113,8103,瀚荃,148.0,838.0,978.0
114,8103,瀚荃,140.0,937.0,1047.0
107,8104,錸寶,279.0,,679.0
108,8104,錸寶,244.0,550.0,643.0
109,8104,錸寶,196.0,626.0,719.0
110,8104,錸寶,215.0,597.0,702.0
111,8104,錸寶,190.0,568.0,688.0
112,8104,錸寶,172.0,606.0,706.0
113,8104,錸寶,145.0,641.0,727.0
114,8104,錸寶,142.0,642.0,699.0
107,8105,凌巨,1955.0,,645.0
108,8105,凌巨,1435.0,656.0,731.0
109,8105,凌巨,1373.0,656.0,734.0
110,8105,凌巨,1554.0,657.0,762.0
111,8105,凌巨,1578.0,742.0,830.0
112,8105,凌巨,1564.0,740.0,827.0
113,8105,凌巨,1489.0,756.0,844.0
114,8105,凌巨,1374.0,772.0,856.0
107,8109,博大,226.0,,679.0
108,8109,博大,238.0,542.0,637.0
109,8109,博大,244.0,567.0,640.0
110,8109,博大,246.0,624.0,700.0
111,8109,博大,260.0,717.0,811.0
112,8109,博大,272.0,683.0,776.0
113,8109,博大,277.0,670.0,738.0
114,8109,博大,277.0,731.0,805.0
107,8110,華東,2404.0,,523.0
108,8110,華東,2241.0,413.0,485.0
109,8110,華東,1840.0,455.0,520.0
110,8110,華東,1701.0,505.0,575.0
111,8110,華東,1768.0,547.0,623.0
112,8110,華東,1686.0,471.0,550.0
113,8110,華東,1461.0,561.0,634.0
114,8110,華東,1292.0,654.0,761.0
107,8111,立碁,176.0,,562.0
108,8111,立碁,178.0,525.0,596.0
110,8111,立碁,199.0,638.0,718.0
111,8111,立碁,190.0,575.0,665.0
112,8111,立碁,190.0,576.0,667.0
113,8111,立碁,188.0,628.0,718.0
114,8111,立碁,192.0,690.0,762.0
107,8114,振樺電,299.0,,690.0
108,8114,振樺電,324.0,494.0,602.0
109,8114,振樺電,313.0,498.0,613.0
110,8114,振樺電,288.0,565.0,691.0
111,8114,振樺電,304.0,565.0,689.0
112,8114,振樺電,304.0,591.0,736.0
113,8114,振樺電,313.0,593.0,738.0
114,8114,振樺電,316.0,640.0,793.0
107,8121,越峰,115.0,,776.0
108,8121,越峰,115.0,667.0,733.0
109,8121,越峰,115.0,749.0,821.0
110,8121,越峰,117.0,819.0,895.0
111,8121,越峰,133.0,781.0,858.0
112,8121,越峰,149.0,790.0,868.0
113,8121,越峰,158.0,861.0,938.0
114,8121,越峰,169.0,793.0,883.0
107,8131,福懋科,2394.0,,535.0
108,8131,福懋科,2419.0,498.0,529.0
109,8131,福懋科,2413.0,516.0,530.0
110,8131,福懋科,2379.0,543.0,572.0
111,8131,福懋科,2367.0,558.0,597.0
112,8131,福懋科,2321.0,561.0,591.0
113,8131,福懋科,2362.0,607.0,633.0
114,8131,福懋科,2355.0,661.0,693.0
107,8147,正淩,53.0,,533.0
108,8147,正淩,61.0,563.0,633.0
109,8147,正淩,83.0,564.0,636.0
110,8147,正淩,91.0,603.0,690.0
111,8147,正淩,96.0,683.0,805.0
112,8147,正淩,103.0,715.0,809.0
113,8147,正淩,121.0,726.0,801.0
114,8147,正淩,120.0,803.0,883.0
107,8150,南茂,5678.0,,773.0
108,8150,南茂,5644.0,789.0,856.0
109,8150,南茂,5364.0,845.0,913.0
110,8150,南茂,5288.0,993.0,1043.0
111,8150,南茂,5262.0,857.0,948.0
112,8150,南茂,5040.0,837.0,940.0
113,8150,南茂,5597.0,830.0,914.0
114,8150,南茂,5514.0,841.0,930.0
107,8155,博智,623.0,,599.0
108,8155,博智,594.0,517.0,592.0
109,8155,博智,685.0,569.0,661.0
110,8155,博智,725.0,602.0,669.0
111,8155,博智,777.0,634.0,702.0
112,8155,博智,787.0,590.0,653.0
113,8155,博智,843.0,665.0,733.0
114,8155,博智,939.0,702.0,793.0
112,8162,微矽電子-創,580.0,449.0,511.0
113,8162,微矽電子-創,596.0,466.0,522.0
114,8162,微矽電子-創,577.0,512.0,569.0
107,8163,達方,682.0,,1498.0
108,8163,達方,771.0,977.0,1118.0
109,8163,達方,810.0,947.0,1119.0
110,8163,達方,849.0,941.0,1125.0
111,8163,達方,836.0,1005.0,1210.0
112,8163,達方,855.0,1035.0,1246.0
113,8163,達方,820.0,956.0,1149.0
114,8163,達方,756.0,907.0,1039.0
107,8182,加高,309.0,,518.0
108,8182,加高,324.0,434.0,526.0
109,8182,加高,343.0,477.0,565.0
110,8182,加高,355.0,517.0,612.0
111,8182,加高,348.0,468.0,566.0
112,8182,加高,286.0,500.0,576.0
113,8182,加高,298.0,512.0,604.0
114,8182,加高,287.0,539.0,614.0
107,8210,勤誠,166.0,,1194.0
108,8210,勤誠,160.0,1191.0,1357.0
109,8210,勤誠,179.0,1058.0,1302.0
110,8210,勤誠,193.0,900.0,1299.0
111,8210,勤誠,221.0,1012.0,1244.0
112,8210,勤誠,313.0,875.0,1098.0
113,8210,勤誠,383.0,870.0,1262.0
114,8210,勤誠,445.0,888.0,1525.0
107,8213,志超,372.0,,1442.0
108,8213,志超,377.0,1018.0,1423.0
109,8213,志超,360.0,1290.0,1565.0
110,8213,志超,365.0,1337.0,1549.0
111,8213,志超,339.0,1210.0,1426.0
112,8213,志超,275.0,1500.0,1518.0
113,8213,志超,257.0,865.0,1213.0
114,8213,志超,284.0,908.0,1022.0
107,8215,明基材,1284.0,,950.0
108,8215,明基材,1353.0,725.0,925.0
109,8215,明基材,1379.0,728.0,930.0
110,8215,明基材,1547.0,745.0,1055.0
111,8215,明基材,1628.0,754.0,1098.0
112,8215,明基材,1570.0,759.0,959.0
113,8215,明基材,1674.0,762.0,1014.0
114,8215,明基材,1831.0,779.0,999.0
111,8227,巨有科技,57.0,1094.0,905.0
112,8227,巨有科技,61.0,1031.0,1140.0
113,8227,巨有科技,64.0,1110.0,1218.0
114,8227,巨有科技,64.0,1092.0,1205.0
107,8234,新漢,820.0,,697.0
108,8234,新漢,828.0,591.0,708.0
109,8234,新漢,873.0,612.0,697.0
110,8234,新漢,791.0,603.0,699.0
111,8234,新漢,757.0,624.0,714.0
112,8234,新漢,805.0,640.0,732.0
113,8234,新漢,786.0,657.0,763.0
114,8234,新漢,818.0,617.0,723.0
107,8240,華宏,609.0,,609.0
108,8240,華宏,597.0,464.0,642.0
110,8240,華宏,597.0,647.0,732.0
111,8240,華宏,603.0,622.0,712.0
112,8240,華宏,591.0,623.0,706.0
113,8240,華宏,568.0,686.0,772.0
114,8240,華宏,534.0,688.0,757.0
107,8249,菱光,69.0,,1395.0
108,8249,菱光,62.0,1373.0,1615.0
109,8249,菱光,67.0,1104.0,1308.0
110,8249,菱光,67.0,1198.0,1425.0
111,8249,菱光,63.0,1262.0,1483.0
112,8249,菱光,58.0,1368.0,1647.0
113,8249,菱光,48.0,1470.0,1918.0
114,8249,菱光,56.0,1531.0,2002.0
107,8261,富鼎,120.0,,1002.0
108,8261,富鼎,122.0,830.0,989.0
109,8261,富鼎,108.0,948.0,1129.0
110,8261,富鼎,116.0,1512.0,1897.0
111,8261,富鼎,122.0,1492.0,1993.0
112,8261,富鼎,127.0,1130.0,1414.0
113,8261,富鼎,120.0,1074.0,1365.0
114,8261,富鼎,109.0,1346.0,1546.0
107,8271,宇瞻,459.0,,881.0
108,8271,宇瞻,483.0,742.0,909.0
109,8271,宇瞻,476.0,729.0,869.0
110,8271,宇瞻,438.0,959.0,1084.0
111,8271,宇瞻,445.0,1014.0,1178.0
112,8271,宇瞻,455.0,1023.0,1130.0
113,8271,宇瞻,472.0,837.0,941.0
114,8271,宇瞻,470.0,1097.0,1186.0
107,8277,商丞,72.0,,637.0
108,8277,商丞,60.0,534.0,675.0
109,8277,商丞,55.0,537.0,673.0
110,8277,商丞,53.0,552.0,704.0
111,8277,商丞,53.0,564.0,707.0
112,8277,商丞,53.0,561.0,704.0
113,8277,商丞,52.0,552.0,720.0
114,8277,商丞,51.0,570.0,724.0
107,8289,泰藝,206.0,,567.0
108,8289,泰藝,203.0,454.0,524.0
109,8289,泰藝,197.0,474.0,556.0
110,8289,泰藝,192.0,609.0,712.0
111,8289,泰藝,202.0,675.0,815.0
112,8289,泰藝,195.0,523.0,598.0
113,8289,泰藝,186.0,572.0,654.0
114,8289,泰藝,200.0,549.0,642.0
107,8291,尚茂,134.0,,599.0
108,8291,尚茂,104.0,514.0,534.0
109,8291,尚茂,96.0,458.0,485.0
110,8291,尚茂,84.0,469.0,497.0
111,8291,尚茂,71.0,493.0,569.0
112,8291,尚茂,43.0,463.0,502.0
113,8291,尚茂,41.0,445.0,495.0
114,8291,尚茂,9.0,648.0,654.0
107,8299,群聯,1367.0,,1880.0
108,8299,群聯,1621.0,1905.0,2332.0
109,8299,群聯,1921.0,2332.0,2869.0
110,8299,群聯,2403.0,2176.0,2677.0
111,8299,群聯,3270.0,1894.0,2108.0
112,8299,群聯,3639.0,1784.0,2020.0
113,8299,群聯,3783.0,2137.0,2525.0
114,8299,群聯,3917.0,2469.0,2862.0
107,8358,金居,293.0,,678.0
108,8358,金居,284.0,682.0,701.0
109,8358,金居,296.0,705.0,732.0
110,8358,金居,291.0,750.0,795.0
111,8358,金居,301.0,751.0,781.0
112,8358,金居,292.0,662.0,712.0
113,8358,金居,289.0,663.0,724.0
114,8358,金居,287.0,659.0,723.0
107,8383,千附,809.0,,602.0
108,8383,千附,842.0,551.0,597.0
109,8383,千附,742.0,534.0,599.0
113,8383,千附,299.0,619.0,690.0
114,8383,千附,332.0,641.0,710.0
107,8410,森田,210.0,,635.0
108,8410,森田,209.0,600.0,637.0
109,8410,森田,215.0,667.0,699.0
110,8410,森田,221.0,651.0,673.0
111,8410,森田,211.0,669.0,691.0
112,8410,森田,212.0,703.0,716.0
113,8410,森田,205.0,731.0,752.0
114,8410,森田,195.0,767.0,773.0
107,9912,偉聯,31.0,,826.0
108,9912,偉聯,31.0,749.0,797.0
109,9912,偉聯,31.0,793.0,821.0
110,9912,偉聯,32.0,774.0,856.0
111,9912,偉聯,32.0,721.0,879.0
112,9912,偉聯,32.0,771.0,859.0
113,9912,偉聯,35.0,809.0,897.0
114,9912,偉聯,34.0,839.0,890.0
